Workbook

Sheet 기안서
A4: 모터원 고양지점 SR 컬렉션판매 인센티브 지급
A6: 월 | B6: 담당자 | C6: 판매수량 | D6: 판매금액 | E6: 매출이익 | F6: 인센티브총액
A7: 1 | B7: 이 동 민 | C7: =매출!W73 -> 28 | D7: =매출!W75 -> 0 | E7: =매출!W83 -> 0 | F7: =매출!W89 -> 0
A8: 누계 | B8: 누계 | C8: =SUM(C7:C7) -> 28 | D8: =SUM(D7:D7) -> 0 | E8: =SUM(E7:E7) -> 0 | F8: =SUM(F7:F7) -> 0
C15: `

Sheet 매출
B6: 고양 A&C SHOP 매출 보고
B7: 2026 | D7: 1 | I7: 2 | N7: 3 | S7: 4 | X7: 5 | AC7: 6 | AH7: 7 | AM7: 8 | AR7: 9 | AW7: 10 | BB7: 11 | BG7: 12
B9: 날짜 | C9: C4 (C) | D9: Date | E9: 원가 | F9: 매출 | G9: 이익율 | H9: 소계 | I9: Date | J9: 원가 | K9: 매출 | L9: 이익율 | M9: 소계 | N9: Date | O9: 원가 | P9: 매출 | Q9: 이익율 | R9: 소계 | S9: Date | T9: 원가 | U9: 매출 | V9: 이익율 | W9: 소계 | X9: Date | Y9: 원가 | Z9: 매출 | AA9: 이익율 | AB9: 소계 | AC9: Date | AD9: 원가 | AE9: 매출 | AF9: 이익율 | AG9: 소계 | AH9: Date | AI9: 원가 | AJ9: 매출 | AK9: 이익율 | AL9: 소계 | AM9: Date | AN9: 원가 | AO9: 매출 | AP9: 이익율 | AQ9: 소계 | AR9: Date | AS9: 원가 | AT9: 매출 | AU9: 이익율 | AV9: 소계 | AW9: Date | AX9: 원가 | AY9: 매출 | AZ9: 이익율 | BA9: 소계 | BB9: Date | BC9: 원가 | BD9: 매출 | BE9: 이익율 | BF9: 소계 | BG9: Date | BH9: 원가 | BI9: 매출 | BJ9: 이익율 | BK9: 소계 | BM9: 원가 | BN9: 매출 | BO9: 이익율 | BP9: 합계
C10: 쿠폰(L)
B11: 1 | C11: C | D11: =IFERROR(DATE($B$7,$D$7,B11),"") -> 46023 | E11: =SUMIFS('1월'!$N:$N,'1월'!$F:$F,"C0000004",'1월'!$I:$I,D11)+SUMIFS('1월'!$N:$N,'1월'!$F:$F,"C0000140",'1월'!$I:$I,D11,'1월'!$T:$T,"??C*")+SUMIFS('1월'!$N:$N,'1월'!$F:$F,"C0000140",'1월'!$I:$I,D11,'1월'!$T:$T,"??M*")+SUMIFS('1월'!$N:$N,'1월'!$F:$F,"C0000140",'1월'!$I:$I,D11,'1월'!$T:$T,"??Z*")+SUMIFS('1월'!$N:$N,'1월'!$F:$F,"C0000142",'1월'!$I:$I,D11) -> 0 | F11: =SUMIFS('1월'!$L:$L,'1월'!$F:$F,"C0000004",'1월'!$I:$I,D11)+SUMIFS('1월'!$L:$L,'1월'!$F:$F,"C0000140",'1월'!$I:$I,D11,'1월'!$T:$T,"??C*")+SUMIFS('1월'!$L:$L,'1월'!$F:$F,"C0000140",'1월'!$I:$I,D11,'1월'!$T:$T,"??M*")+SUMIFS('1월'!$L:$L,'1월'!$F:$F,"C0000140",'1월'!$I:$I,D11,'1월'!$T:$T,"??Z*")+SUMIFS('1월'!$L:$L,'1월'!$F:$F,"C0000142",'1월'!$I:$I,D11) -> 0 | G11: =IFERROR((F11/E11)-1,"") | H11: =F11+F12 -> 0 | I11: =IFERROR(DATE($B$7,I$7,$B11),"") -> 46054 | J11: =SUMIFS('2월'!$N:$N,'2월'!$F:$F,"C0000004",'2월'!$I:$I,I11)+SUMIFS('2월'!$N:$N,'2월'!$F:$F,"C0000140",'2월'!$I:$I,I11,'2월'!$T:$T,"??C*")+SUMIFS('2월'!$N:$N,'2월'!$F:$F,"C0000140",'2월'!$I:$I,I11,'2월'!$T:$T,"??M*")+SUMIFS('2월'!$N:$N,'2월'!$F:$F,"C0000140",'2월'!$I:$I,I11,'2월'!$T:$T,"??Z*")+SUMIFS('2월'!$N:$N,'2월'!$F:$F,"C0000142",'2월'!$I:$I,I11) -> 0 | K11: =SUMIFS('2월'!$L:$L,'2월'!$F:$F,"C0000004",'2월'!$I:$I,I11)+SUMIFS('2월'!$L:$L,'2월'!$F:$F,"C0000140",'2월'!$I:$I,I11,'2월'!$T:$T,"??C*")+SUMIFS('2월'!$L:$L,'2월'!$F:$F,"C0000140",'2월'!$I:$I,I11,'2월'!$T:$T,"??M*")+SUMIFS('2월'!$L:$L,'2월'!$F:$F,"C0000140",'2월'!$I:$I,I11,'2월'!$T:$T,"??Z*")+SUMIFS('2월'!$L:$L,'2월'!$F:$F,"C0000142",'2월'!$I:$I,I11) -> 0 | L11: =IFERROR((K11/J11)-1,"") | M11: =K11+K12 -> 0 | N11: =IFERROR(DATE($B$7,N$7,$B11),"") -> 46082 | O11: =SUMIFS('3월'!$N:$N,'3월'!$F:$F,"C0000004",'3월'!$I:$I,N11)+SUMIFS('3월'!$N:$N,'3월'!$F:$F,"C0000140",'3월'!$I:$I,N11,'3월'!$T:$T,"??C*")+SUMIFS('3월'!$N:$N,'3월'!$F:$F,"C0000140",'3월'!$I:$I,N11,'3월'!$T:$T,"??M*")+SUMIFS('3월'!$N:$N,'3월'!$F:$F,"C0000140",'3월'!$I:$I,N11,'3월'!$T:$T,"??Z*")+SUMIFS('3월'!$N:$N,'3월'!$F:$F,"C0000142",'3월'!$I:$I,N11) -> 0 | P11: =SUMIFS('3월'!$L:$L,'3월'!$F:$F,"C0000004",'3월'!$I:$I,N11)+SUMIFS('3월'!$L:$L,'3월'!$F:$F,"C0000140",'3월'!$I:$I,N11,'3월'!$T:$T,"??C*")+SUMIFS('3월'!$L:$L,'3월'!$F:$F,"C0000140",'3월'!$I:$I,N11,'3월'!$T:$T,"??M*")+SUMIFS('3월'!$L:$L,'3월'!$F:$F,"C0000140",'3월'!$I:$I,N11,'3월'!$T:$T,"??Z*")+SUMIFS('3월'!$L:$L,'3월'!$F:$F,"C0000142",'3월'!$I:$I,N11) -> 0 | Q11: =IFERROR((P11/O11)-1,"") | R11: =P11+P12 -> 0 | S11: =IFERROR(DATE($B$7,S$7,$B11),"") -> 46113 | T11: =SUMIFS('4월'!$N:$N,'4월'!$F:$F,"C0000004",'4월'!$I:$I,S11)+SUMIFS('4월'!$N:$N,'4월'!$F:$F,"C0000140",'4월'!$I:$I,S11,'4월'!$T:$T,"??C*")+SUMIFS('4월'!$N:$N,'4월'!$F:$F,"C0000140",'4월'!$I:$I,S11,'4월'!$T:$T,"??M*")+SUMIFS('4월'!$N:$N,'4월'!$F:$F,"C0000140",'4월'!$I:$I,S11,'4월'!$T:$T,"??Z*")+SUMIFS('4월'!$N:$N,'4월'!$F:$F,"C0000142",'4월'!$I:$I,S11) -> 0 | U11: =SUMIFS('4월'!$L:$L,'4월'!$F:$F,"C0000004",'4월'!$I:$I,S11)+SUMIFS('4월'!$L:$L,'4월'!$F:$F,"C0000140",'4월'!$I:$I,S11,'4월'!$T:$T,"??C*")+SUMIFS('4월'!$L:$L,'4월'!$F:$F,"C0000140",'4월'!$I:$I,S11,'4월'!$T:$T,"??M*")+SUMIFS('4월'!$L:$L,'4월'!$F:$F,"C0000140",'4월'!$I:$I,S11,'4월'!$T:$T,"??Z*")+SUMIFS('4월'!$L:$L,'4월'!$F:$F,"C0000142",'4월'!$I:$I,S11) -> 0 | V11: =IFERROR((U11/T11)-1,"") | W11: =U11+U12 -> 0 | X11: =IFERROR(DATE($B$7,X$7,$B11),"") -> 46143 | Y11: =SUMIFS('5월'!$N:$N,'5월'!$F:$F,"C0000004",'5월'!$I:$I,X11)+SUMIFS('5월'!$N:$N,'5월'!$F:$F,"C0000140",'5월'!$I:$I,X11,'5월'!$T:$T,"??C*")+SUMIFS('5월'!$N:$N,'5월'!$F:$F,"C0000140",'5월'!$I:$I,X11,'5월'!$T:$T,"??M*")+SUMIFS('5월'!$N:$N,'5월'!$F:$F,"C0000140",'5월'!$I:$I,X11,'5월'!$T:$T,"??Z*")+SUMIFS('5월'!$N:$N,'5월'!$F:$F,"C0000142",'5월'!$I:$I,X11) -> 0 | Z11: =SUMIFS('5월'!$L:$L,'5월'!$F:$F,"C0000004",'5월'!$I:$I,X11)+SUMIFS('5월'!$L:$L,'5월'!$F:$F,"C0000140",'5월'!$I:$I,X11,'5월'!$T:$T,"??C*")+SUMIFS('5월'!$L:$L,'5월'!$F:$F,"C0000140",'5월'!$I:$I,X11,'5월'!$T:$T,"??M*")+SUMIFS('5월'!$L:$L,'5월'!$F:$F,"C0000140",'5월'!$I:$I,X11,'5월'!$T:$T,"??Z*")+SUMIFS('5월'!$L:$L,'5월'!$F:$F,"C0000142",'5월'!$I:$I,X11) -> 0 | AA11: =IFERROR((Z11/Y11)-1,"") | AB11: =Z11+Z12 -> 0 | AC11: =IFERROR(DATE($B$7,AC$7,$B11),"") -> 46174 | AD11: =SUMIFS('6월'!$N:$N,'6월'!$F:$F,"C0000004",'6월'!$I:$I,AC11)+SUMIFS('6월'!$N:$N,'6월'!$F:$F,"C0000140",'6월'!$I:$I,AC11,'6월'!$T:$T,"??C*")+SUMIFS('6월'!$N:$N,'6월'!$F:$F,"C0000140",'6월'!$I:$I,AC11,'6월'!$T:$T,"??M*")+SUMIFS('6월'!$N:$N,'6월'!$F:$F,"C0000140",'6월'!$I:$I,AC11,'6월'!$T:$T,"??Z*")+SUMIFS('6월'!$N:$N,'6월'!$F:$F,"C0000142",'6월'!$I:$I,AC11) -> 0 | AE11: =SUMIFS('6월'!$L:$L,'6월'!$F:$F,"C0000004",'6월'!$I:$I,AC11)+SUMIFS('6월'!$L:$L,'6월'!$F:$F,"C0000140",'6월'!$I:$I,AC11,'6월'!$T:$T,"??C*")+SUMIFS('6월'!$L:$L,'6월'!$F:$F,"C0000140",'6월'!$I:$I,AC11,'6월'!$T:$T,"??M*")+SUMIFS('6월'!$L:$L,'6월'!$F:$F,"C0000140",'6월'!$I:$I,AC11,'6월'!$T:$T,"??Z*")+SUMIFS('6월'!$L:$L,'6월'!$F:$F,"C0000142",'6월'!$I:$I,AC11) -> 0 | AF11: =IFERROR((AE11/AD11)-1,"") | AG11: =AE11+AE12 -> 0 | AH11: =IFERROR(DATE($B$7,AH$7,$B11),"") -> 46204 | AI11: =SUMIFS('7월'!$N:$N,'7월'!$F:$F,"C0000004",'7월'!$I:$I,AH11)+SUMIFS('7월'!$N:$N,'7월'!$F:$F,"C0000140",'7월'!$I:$I,AH11,'7월'!$T:$T,"??C*")+SUMIFS('7월'!$N:$N,'7월'!$F:$F,"C0000140",'7월'!$I:$I,AH11,'7월'!$T:$T,"??M*")+SUMIFS('7월'!$N:$N,'7월'!$F:$F,"C0000140",'7월'!$I:$I,AH11,'7월'!$T:$T,"??Z*")+SUMIFS('7월'!$N:$N,'7월'!$F:$F,"C0000142",'7월'!$I:$I,AH11) -> 0 | AJ11: =SUMIFS('7월'!$L:$L,'7월'!$F:$F,"C0000004",'7월'!$I:$I,AH11)+SUMIFS('7월'!$L:$L,'7월'!$F:$F,"C0000140",'7월'!$I:$I,AH11,'7월'!$T:$T,"??C*")+SUMIFS('7월'!$L:$L,'7월'!$F:$F,"C0000140",'7월'!$I:$I,AH11,'7월'!$T:$T,"??M*")+SUMIFS('7월'!$L:$L,'7월'!$F:$F,"C0000140",'7월'!$I:$I,AH11,'7월'!$T:$T,"??Z*")+SUMIFS('7월'!$L:$L,'7월'!$F:$F,"C0000142",'7월'!$I:$I,AH11) -> 0 | AK11: =IFERROR((AJ11/AI11)-1,"") | AL11: =AJ11+AJ12 -> 0 | AM11: =IFERROR(DATE($B$7,AM$7,$B11),"") -> 46235 | AN11: =SUMIFS('8월'!$N:$N,'8월'!$F:$F,"C0000004",'8월'!$I:$I,AM11)+SUMIFS('8월'!$N:$N,'8월'!$F:$F,"C0000140",'8월'!$I:$I,AM11,'8월'!$T:$T,"??C*")+SUMIFS('8월'!$N:$N,'8월'!$F:$F,"C0000140",'8월'!$I:$I,AM11,'8월'!$T:$T,"??M*")+SUMIFS('8월'!$N:$N,'8월'!$F:$F,"C0000140",'8월'!$I:$I,AM11,'8월'!$T:$T,"??Z*")+SUMIFS('8월'!$N:$N,'8월'!$F:$F,"C0000142",'8월'!$I:$I,AM11) -> 0 | AO11: =SUMIFS('8월'!$L:$L,'8월'!$F:$F,"C0000004",'8월'!$I:$I,AM11)+SUMIFS('8월'!$L:$L,'8월'!$F:$F,"C0000140",'8월'!$I:$I,AM11,'8월'!$T:$T,"??C*")+SUMIFS('8월'!$L:$L,'8월'!$F:$F,"C0000140",'8월'!$I:$I,AM11,'8월'!$T:$T,"??M*")+SUMIFS('8월'!$L:$L,'8월'!$F:$F,"C0000140",'8월'!$I:$I,AM11,'8월'!$T:$T,"??Z*")+SUMIFS('8월'!$L:$L,'8월'!$F:$F,"C0000142",'8월'!$I:$I,AM11) -> 0 | AP11: =IFERROR((AO11/AN11)-1,"") | AQ11: =AO11+AO12 -> 0 | AR11: =IFERROR(DATE($B$7,AR$7,$B11),"") -> 46266 | AS11: =SUMIFS('9월'!$N:$N,'9월'!$F:$F,"C0000004",'9월'!$I:$I,AR11)+SUMIFS('9월'!$N:$N,'9월'!$F:$F,"C0000140",'9월'!$I:$I,AR11,'9월'!$T:$T,"??C*")+SUMIFS('9월'!$N:$N,'9월'!$F:$F,"C0000140",'9월'!$I:$I,AR11,'9월'!$T:$T,"??M*")+SUMIFS('9월'!$N:$N,'9월'!$F:$F,"C0000140",'9월'!$I:$I,AR11,'9월'!$T:$T,"??Z*")+SUMIFS('9월'!$N:$N,'9월'!$F:$F,"C0000142",'9월'!$I:$I,AR11) -> 1895.4136 | AT11: =SUMIFS('9월'!$L:$L,'9월'!$F:$F,"C0000004",'9월'!$I:$I,AR11)+SUMIFS('9월'!$L:$L,'9월'!$F:$F,"C0000140",'9월'!$I:$I,AR11,'9월'!$T:$T,"??C*")+SUMIFS('9월'!$L:$L,'9월'!$F:$F,"C0000140",'9월'!$I:$I,AR11,'9월'!$T:$T,"??M*")+SUMIFS('9월'!$L:$L,'9월'!$F:$F,"C0000140",'9월'!$I:$I,AR11,'9월'!$T:$T,"??Z*")+SUMIFS('9월'!$L:$L,'9월'!$F:$F,"C0000142",'9월'!$I:$I,AR11) -> 5500 | AU11: =IFERROR((AT11/AS11)-1,"") -> 1.9017413 | AV11: =AT11+AT12 -> 5500 | AW11: =IFERROR(DATE($B$7,AW$7,$B11),"") -> 46296 | AX11: =SUMIFS('10월'!$N:$N,'10월'!$F:$F,"C0000004",'10월'!$I:$I,AW11)+SUMIFS('10월'!$N:$N,'10월'!$F:$F,"C0000140",'10월'!$I:$I,AW11,'10월'!$T:$T,"??C*")+SUMIFS('10월'!$N:$N,'10월'!$F:$F,"C0000140",'10월'!$I:$I,AW11,'10월'!$T:$T,"??M*")+SUMIFS('10월'!$N:$N,'10월'!$F:$F,"C0000140",'10월'!$I:$I,AW11,'10월'!$T:$T,"??Z*")+SUMIFS('10월'!$N:$N,'10월'!$F:$F,"C0000142",'10월'!$I:$I,AW11) -> 0 | AY11: =SUMIFS('10월'!$L:$L,'10월'!$F:$F,"C0000004",'10월'!$I:$I,AW11)+SUMIFS('10월'!$L:$L,'10월'!$F:$F,"C0000140",'10월'!$I:$I,AW11,'10월'!$T:$T,"??C*")+SUMIFS('10월'!$L:$L,'10월'!$F:$F,"C0000140",'10월'!$I:$I,AW11,'10월'!$T:$T,"??M*")+SUMIFS('10월'!$L:$L,'10월'!$F:$F,"C0000140",'10월'!$I:$I,AW11,'10월'!$T:$T,"??Z*")+SUMIFS('10월'!$L:$L,'10월'!$F:$F,"C0000142",'10월'!$I:$I,AW11) -> 0 | AZ11: =IFERROR((AY11/AX11)-1,"") | BA11: =AY11+AY12 -> 0 | BB11: =IFERROR(DATE($B$7,BB$7,$B11),"") -> 46327 | BC11: =SUMIFS('11월'!$N:$N,'11월'!$F:$F,"C0000004",'11월'!$I:$I,BB11)+SUMIFS('11월'!$N:$N,'11월'!$F:$F,"C0000140",'11월'!$I:$I,BB11,'11월'!$T:$T,"??C*")+SUMIFS('11월'!$N:$N,'11월'!$F:$F,"C0000140",'11월'!$I:$I,BB11,'11월'!$T:$T,"??M*")+SUMIFS('11월'!$N:$N,'11월'!$F:$F,"C0000140",'11월'!$I:$I,BB11,'11월'!$T:$T,"??Z*")+SUMIFS('11월'!$N:$N,'11월'!$F:$F,"C0000142",'11월'!$I:$I,BB11) -> 0 | BD11: =SUMIFS('11월'!$L:$L,'11월'!$F:$F,"C0000004",'11월'!$I:$I,BB11)+SUMIFS('11월'!$L:$L,'11월'!$F:$F,"C0000140",'11월'!$I:$I,BB11,'11월'!$T:$T,"??C*")+SUMIFS('11월'!$L:$L,'11월'!$F:$F,"C0000140",'11월'!$I:$I,BB11,'11월'!$T:$T,"??M*")+SUMIFS('11월'!$L:$L,'11월'!$F:$F,"C0000140",'11월'!$I:$I,BB11,'11월'!$T:$T,"??Z*")+SUMIFS('11월'!$L:$L,'11월'!$F:$F,"C0000142",'11월'!$I:$I,BB11) -> 0 | BE11: =IFERROR((BD11/BC11)-1,"") | BF11: =BD11+BD12 -> 0 | BG11: =IFERROR(DATE($B$7,BG$7,$B11),"") -> 46357 | BH11: =SUMIFS('12월'!$N:$N,'12월'!$F:$F,"C0000004",'12월'!$I:$I,BG11)+SUMIFS('12월'!$N:$N,'12월'!$F:$F,"C0000140",'12월'!$I:$I,BG11,'12월'!$T:$T,"??C*")+SUMIFS('12월'!$N:$N,'12월'!$F:$F,"C0000140",'12월'!$I:$I,BG11,'12월'!$T:$T,"??M*")+SUMIFS('12월'!$N:$N,'12월'!$F:$F,"C0000140",'12월'!$I:$I,BG11,'12월'!$T:$T,"??Z*")+SUMIFS('12월'!$N:$N,'12월'!$F:$F,"C0000142",'12월'!$I:$I,BG11) -> 0 | BI11: =SUMIFS('12월'!$L:$L,'12월'!$F:$F,"C0000004",'12월'!$I:$I,BG11)+SUMIFS('12월'!$L:$L,'12월'!$F:$F,"C0000140",'12월'!$I:$I,BG11,'12월'!$T:$T,"??C*")+SUMIFS('12월'!$L:$L,'12월'!$F:$F,"C0000140",'12월'!$I:$I,BG11,'12월'!$T:$T,"??M*")+SUMIFS('12월'!$L:$L,'12월'!$F:$F,"C0000140",'12월'!$I:$I,BG11,'12월'!$T:$T,"??Z*")+SUMIFS('12월'!$L:$L,'12월'!$F:$F,"C0000142",'12월'!$I:$I,BG11) -> 0 | BJ11: =IFERROR((BI11/BH11)-1,"") | BK11: =BI11+BI12 -> 0
C12: L | E12: =SUMIFS('1월'!$N:$N,'1월'!$F:$F,"*L*",'1월'!$I:$I,D11,'1월'!$S:$S,"윤준희") -> 0 | F12: =SUMIFS('1월'!$L:$L,'1월'!$F:$F,"*L*",'1월'!$I:$I,D11,'1월'!$S:$S,"윤준희") -> 0 | G12: =IFERROR((F12/E12)-1,"") | J12: =SUMIFS('2월'!$N:$N,'2월'!$F:$F,"*L*",'2월'!$I:$I,I11,'2월'!$S:$S,"윤준희") -> 0 | K12: =SUMIFS('2월'!$L:$L,'2월'!$F:$F,"*L*",'2월'!$I:$I,I11,'2월'!$S:$S,"윤준희") -> 0 | L12: =IFERROR((K12/J12)-1,"") | O12: =SUMIFS('3월'!$N:$N,'3월'!$F:$F,"*L*",'3월'!$I:$I,N11,'3월'!$S:$S,"윤준희") -> 0 | P12: =SUMIFS('3월'!$L:$L,'3월'!$F:$F,"*L*",'3월'!$I:$I,N11,'3월'!$S:$S,"윤준희") -> 0 | Q12: =IFERROR((P12/O12)-1,"") | T12: =SUMIFS('4월'!$N:$N,'4월'!$F:$F,"*L*",'4월'!$I:$I,S11,'4월'!$S:$S,"윤준희") -> 0 | U12: =SUMIFS('4월'!$L:$L,'4월'!$F:$F,"*L*",'4월'!$I:$I,S11,'4월'!$S:$S,"윤준희") -> 0 | V12: =IFERROR((U12/T12)-1,"") | Y12: =SUMIFS('5월'!$N:$N,'5월'!$F:$F,"*L*",'5월'!$I:$I,X11,'5월'!$S:$S,"윤준희") -> 0 | Z12: =SUMIFS('5월'!$L:$L,'5월'!$F:$F,"*L*",'5월'!$I:$I,X11,'5월'!$S:$S,"윤준희") -> 0 | AA12: =IFERROR((Z12/Y12)-1,"") | AD12: =SUMIFS('6월'!$N:$N,'6월'!$F:$F,"*L*",'6월'!$I:$I,AC11,'6월'!$S:$S,"윤준희") -> 0 | AE12: =SUMIFS('6월'!$L:$L,'6월'!$F:$F,"*L*",'6월'!$I:$I,AC11,'6월'!$S:$S,"윤준희")+SUMIFS('6월'!$L:$L,'6월'!$F:$F,"*L*",'6월'!$I:$I,AC11,'6월'!$S:$S,"윤준희") -> 0 | AF12: =IFERROR((AE12/AD12)-1,"") | AI12: =SUMIFS('7월'!$N:$N,'7월'!$F:$F,"*L*",'7월'!$I:$I,AH11,'7월'!$S:$S,"윤준희") -> 0 | AJ12: =SUMIFS('7월'!$L:$L,'7월'!$F:$F,"*L*",'7월'!$I:$I,AH11,'7월'!$S:$S,"윤준희") -> 0 | AK12: =IFERROR((AJ12/AI12)-1,"") | AN12: =SUMIFS('8월'!$N:$N,'8월'!$F:$F,"*L*",'8월'!$I:$I,AM11,'8월'!$S:$S,"윤준희") -> 0 | AO12: =SUMIFS('8월'!$L:$L,'8월'!$F:$F,"*L*",'8월'!$I:$I,AM11,'8월'!$S:$S,"윤준희") -> 0 | AP12: =IFERROR((AO12/AN12)-1,"") | AS12: =SUMIFS('9월'!$N:$N,'9월'!$F:$F,"*L*",'9월'!$I:$I,AR11,'9월'!$S:$S,"윤준희") -> 0 | AT12: =SUMIFS('9월'!$L:$L,'9월'!$F:$F,"*L*",'9월'!$I:$I,AR11,'9월'!$S:$S,"윤준희") -> 0 | AU12: =IFERROR((AT12/AS12)-1,"") | AX12: =SUMIFS('10월'!$N:$N,'10월'!$F:$F,"*L*",'10월'!$I:$I,AW11,'10월'!$S:$S,"윤준희") -> 0 | AY12: =SUMIFS('10월'!$L:$L,'10월'!$F:$F,"*L*",'10월'!$I:$I,AW11,'10월'!$S:$S,"윤준희") -> 0 | AZ12: =IFERROR((AY12/AX12)-1,"") | BC12: =SUMIFS('11월'!$N:$N,'11월'!$F:$F,"*L*",'11월'!$I:$I,BB11,'11월'!$S:$S,"윤준희") -> 0 | BD12: =SUMIFS('11월'!$L:$L,'11월'!$F:$F,"*L*",'11월'!$I:$I,BB11,'11월'!$S:$S,"윤준희") -> 0 | BE12: =IFERROR((BD12/BC12)-1,"") | BH12: =SUMIFS('12월'!$N:$N,'12월'!$F:$F,"*L*",'12월'!$I:$I,BG11,'12월'!$S:$S,"윤준희") -> 0 | BI12: =SUMIFS('12월'!$L:$L,'12월'!$F:$F,"*L*",'12월'!$I:$I,BG11,'12월'!$S:$S,"윤준희") -> 0 | BJ12: =IFERROR((BI12/BH12)-1,"")
B13: 2 | C13: C | D13: =IFERROR(DATE($B$7,$D$7,B13),"") -> 46024 | E13: =SUMIFS('1월'!$N:$N,'1월'!$F:$F,"C0000004",'1월'!$I:$I,D13)+SUMIFS('1월'!$N:$N,'1월'!$F:$F,"C0000140",'1월'!$I:$I,D13,'1월'!$T:$T,"??C*")+SUMIFS('1월'!$N:$N,'1월'!$F:$F,"C0000140",'1월'!$I:$I,D13,'1월'!$T:$T,"??M*")+SUMIFS('1월'!$N:$N,'1월'!$F:$F,"C0000140",'1월'!$I:$I,D13,'1월'!$T:$T,"??Z*")+SUMIFS('1월'!$N:$N,'1월'!$F:$F,"C0000142",'1월'!$I:$I,D13) -> 0 | F13: =SUMIFS('1월'!$L:$L,'1월'!$F:$F,"C0000004",'1월'!$I:$I,D13)+SUMIFS('1월'!$L:$L,'1월'!$F:$F,"C0000140",'1월'!$I:$I,D13,'1월'!$T:$T,"??C*")+SUMIFS('1월'!$L:$L,'1월'!$F:$F,"C0000140",'1월'!$I:$I,D13,'1월'!$T:$T,"??M*")+SUMIFS('1월'!$L:$L,'1월'!$F:$F,"C0000140",'1월'!$I:$I,D13,'1월'!$T:$T,"??Z*")+SUMIFS('1월'!$L:$L,'1월'!$F:$F,"C0000142",'1월'!$I:$I,D13) -> 0 | G13: =IFERROR((F13/E13)-1,"") | H13: =F13+F14 -> 0 | I13: =IFERROR(DATE($B$7,I$7,$B13),"") -> 46055 | J13: =SUMIFS('2월'!$N:$N,'2월'!$F:$F,"C0000004",'2월'!$I:$I,I13)+SUMIFS('2월'!$N:$N,'2월'!$F:$F,"C0000140",'2월'!$I:$I,I13,'2월'!$T:$T,"??C*")+SUMIFS('2월'!$N:$N,'2월'!$F:$F,"C0000140",'2월'!$I:$I,I13,'2월'!$T:$T,"??M*")+SUMIFS('2월'!$N:$N,'2월'!$F:$F,"C0000140",'2월'!$I:$I,I13,'2월'!$T:$T,"??Z*")+SUMIFS('2월'!$N:$N,'2월'!$F:$F,"C0000142",'2월'!$I:$I,I13) -> 0 | K13: =SUMIFS('2월'!$L:$L,'2월'!$F:$F,"C0000004",'2월'!$I:$I,I13)+SUMIFS('2월'!$L:$L,'2월'!$F:$F,"C0000140",'2월'!$I:$I,I13,'2월'!$T:$T,"??C*")+SUMIFS('2월'!$L:$L,'2월'!$F:$F,"C0000140",'2월'!$I:$I,I13,'2월'!$T:$T,"??M*")+SUMIFS('2월'!$L:$L,'2월'!$F:$F,"C0000140",'2월'!$I:$I,I13,'2월'!$T:$T,"??Z*")+SUMIFS('2월'!$L:$L,'2월'!$F:$F,"C0000142",'2월'!$I:$I,I13) -> 0 | L13: =IFERROR((K13/J13)-1,"") | M13: =K13+K14 -> 0 | N13: =IFERROR(DATE($B$7,N$7,$B13),"") -> 46083 | O13: =SUMIFS('3월'!$N:$N,'3월'!$F:$F,"C0000004",'3월'!$I:$I,N13)+SUMIFS('3월'!$N:$N,'3월'!$F:$F,"C0000140",'3월'!$I:$I,N13,'3월'!$T:$T,"??C*")+SUMIFS('3월'!$N:$N,'3월'!$F:$F,"C0000140",'3월'!$I:$I,N13,'3월'!$T:$T,"??M*")+SUMIFS('3월'!$N:$N,'3월'!$F:$F,"C0000140",'3월'!$I:$I,N13,'3월'!$T:$T,"??Z*")+SUMIFS('3월'!$N:$N,'3월'!$F:$F,"C0000142",'3월'!$I:$I,N13) -> 0 | P13: =SUMIFS('3월'!$L:$L,'3월'!$F:$F,"C0000004",'3월'!$I:$I,N13)+SUMIFS('3월'!$L:$L,'3월'!$F:$F,"C0000140",'3월'!$I:$I,N13,'3월'!$T:$T,"??C*")+SUMIFS('3월'!$L:$L,'3월'!$F:$F,"C0000140",'3월'!$I:$I,N13,'3월'!$T:$T,"??M*")+SUMIFS('3월'!$L:$L,'3월'!$F:$F,"C0000140",'3월'!$I:$I,N13,'3월'!$T:$T,"??Z*")+SUMIFS('3월'!$L:$L,'3월'!$F:$F,"C0000142",'3월'!$I:$I,N13) -> 0 | Q13: =IFERROR((P13/O13)-1,"") | R13: =P13+P14 -> 0 | S13: =IFERROR(DATE($B$7,S$7,$B13),"") -> 46114 | T13: =SUMIFS('4월'!$N:$N,'4월'!$F:$F,"C0000004",'4월'!$I:$I,S13)+SUMIFS('4월'!$N:$N,'4월'!$F:$F,"C0000140",'4월'!$I:$I,S13,'4월'!$T:$T,"??C*")+SUMIFS('4월'!$N:$N,'4월'!$F:$F,"C0000140",'4월'!$I:$I,S13,'4월'!$T:$T,"??M*")+SUMIFS('4월'!$N:$N,'4월'!$F:$F,"C0000140",'4월'!$I:$I,S13,'4월'!$T:$T,"??Z*")+SUMIFS('4월'!$N:$N,'4월'!$F:$F,"C0000142",'4월'!$I:$I,S13) -> 0 | U13: =SUMIFS('4월'!$L:$L,'4월'!$F:$F,"C0000004",'4월'!$I:$I,S13)+SUMIFS('4월'!$L:$L,'4월'!$F:$F,"C0000140",'4월'!$I:$I,S13,'4월'!$T:$T,"??C*")+SUMIFS('4월'!$L:$L,'4월'!$F:$F,"C0000140",'4월'!$I:$I,S13,'4월'!$T:$T,"??M*")+SUMIFS('4월'!$L:$L,'4월'!$F:$F,"C0000140",'4월'!$I:$I,S13,'4월'!$T:$T,"??Z*")+SUMIFS('4월'!$L:$L,'4월'!$F:$F,"C0000142",'4월'!$I:$I,S13) -> 0 | V13: =IFERROR((U13/T13)-1,"") | W13: =U13+U14 -> 0 | X13: =IFERROR(DATE($B$7,X$7,$B13),"") -> 46144 | Y13: =SUMIFS('5월'!$N:$N,'5월'!$F:$F,"C0000004",'5월'!$I:$I,X13)+SUMIFS('5월'!$N:$N,'5월'!$F:$F,"C0000140",'5월'!$I:$I,X13,'5월'!$T:$T,"??C*")+SUMIFS('5월'!$N:$N,'5월'!$F:$F,"C0000140",'5월'!$I:$I,X13,'5월'!$T:$T,"??M*")+SUMIFS('5월'!$N:$N,'5월'!$F:$F,"C0000140",'5월'!$I:$I,X13,'5월'!$T:$T,"??Z*")+SUMIFS('5월'!$N:$N,'5월'!$F:$F,"C0000142",'5월'!$I:$I,X13) -> 0 | Z13: =SUMIFS('5월'!$L:$L,'5월'!$F:$F,"C0000004",'5월'!$I:$I,X13)+SUMIFS('5월'!$L:$L,'5월'!$F:$F,"C0000140",'5월'!$I:$I,X13,'5월'!$T:$T,"??C*")+SUMIFS('5월'!$L:$L,'5월'!$F:$F,"C0000140",'5월'!$I:$I,X13,'5월'!$T:$T,"??M*")+SUMIFS('5월'!$L:$L,'5월'!$F:$F,"C0000140",'5월'!$I:$I,X13,'5월'!$T:$T,"??Z*")+SUMIFS('5월'!$L:$L,'5월'!$F:$F,"C0000142",'5월'!$I:$I,X13) -> 0 | AA13: =IFERROR((Z13/Y13)-1,"") | AB13: =Z13+Z14 -> 0 | AC13: =IFERROR(DATE($B$7,AC$7,$B13),"") -> 46175 | AD13: =SUMIFS('6월'!$N:$N,'6월'!$F:$F,"C0000004",'6월'!$I:$I,AC13)+SUMIFS('6월'!$N:$N,'6월'!$F:$F,"C0000140",'6월'!$I:$I,AC13,'6월'!$T:$T,"??C*")+SUMIFS('6월'!$N:$N,'6월'!$F:$F,"C0000140",'6월'!$I:$I,AC13,'6월'!$T:$T,"??M*")+SUMIFS('6월'!$N:$N,'6월'!$F:$F,"C0000140",'6월'!$I:$I,AC13,'6월'!$T:$T,"??Z*")+SUMIFS('6월'!$N:$N,'6월'!$F:$F,"C0000142",'6월'!$I:$I,AC13) -> 0 | AE13: =SUMIFS('6월'!$L:$L,'6월'!$F:$F,"C0000004",'6월'!$I:$I,AC13)+SUMIFS('6월'!$L:$L,'6월'!$F:$F,"C0000140",'6월'!$I:$I,AC13,'6월'!$T:$T,"??C*")+SUMIFS('6월'!$L:$L,'6월'!$F:$F,"C0000140",'6월'!$I:$I,AC13,'6월'!$T:$T,"??M*")+SUMIFS('6월'!$L:$L,'6월'!$F:$F,"C0000140",'6월'!$I:$I,AC13,'6월'!$T:$T,"??Z*")+SUMIFS('6월'!$L:$L,'6월'!$F:$F,"C0000142",'6월'!$I:$I,AC13) -> 0 | AF13: =IFERROR((AE13/AD13)-1,"") | AG13: =AE13+AE14 -> 0 | AH13: =IFERROR(DATE($B$7,AH$7,$B13),"") -> 46205 | AI13: =SUMIFS('7월'!$N:$N,'7월'!$F:$F,"C0000004",'7월'!$I:$I,AH13)+SUMIFS('7월'!$N:$N,'7월'!$F:$F,"C0000140",'7월'!$I:$I,AH13,'7월'!$T:$T,"??C*")+SUMIFS('7월'!$N:$N,'7월'!$F:$F,"C0000140",'7월'!$I:$I,AH13,'7월'!$T:$T,"??M*")+SUMIFS('7월'!$N:$N,'7월'!$F:$F,"C0000140",'7월'!$I:$I,AH13,'7월'!$T:$T,"??Z*")+SUMIFS('7월'!$N:$N,'7월'!$F:$F,"C0000142",'7월'!$I:$I,AH13) -> 0 | AJ13: =SUMIFS('7월'!$L:$L,'7월'!$F:$F,"C0000004",'7월'!$I:$I,AH13)+SUMIFS('7월'!$L:$L,'7월'!$F:$F,"C0000140",'7월'!$I:$I,AH13,'7월'!$T:$T,"??C*")+SUMIFS('7월'!$L:$L,'7월'!$F:$F,"C0000140",'7월'!$I:$I,AH13,'7월'!$T:$T,"??M*")+SUMIFS('7월'!$L:$L,'7월'!$F:$F,"C0000140",'7월'!$I:$I,AH13,'7월'!$T:$T,"??Z*")+SUMIFS('7월'!$L:$L,'7월'!$F:$F,"C0000142",'7월'!$I:$I,AH13) -> 0 | AK13: =IFERROR((AJ13/AI13)-1,"") | AL13: =AJ13+AJ14 -> 0 | AM13: =IFERROR(DATE($B$7,AM$7,$B13),"") -> 46236 | AN13: =SUMIFS('8월'!$N:$N,'8월'!$F:$F,"C0000004",'8월'!$I:$I,AM13)+SUMIFS('8월'!$N:$N,'8월'!$F:$F,"C0000140",'8월'!$I:$I,AM13,'8월'!$T:$T,"??C*")+SUMIFS('8월'!$N:$N,'8월'!$F:$F,"C0000140",'8월'!$I:$I,AM13,'8월'!$T:$T,"??M*")+SUMIFS('8월'!$N:$N,'8월'!$F:$F,"C0000140",'8월'!$I:$I,AM13,'8월'!$T:$T,"??Z*")+SUMIFS('8월'!$N:$N,'8월'!$F:$F,"C0000142",'8월'!$I:$I,AM13) -> 0 | AO13: =SUMIFS('8월'!$L:$L,'8월'!$F:$F,"C0000004",'8월'!$I:$I,AM13)+SUMIFS('8월'!$L:$L,'8월'!$F:$F,"C0000140",'8월'!$I:$I,AM13,'8월'!$T:$T,"??C*")+SUMIFS('8월'!$L:$L,'8월'!$F:$F,"C0000140",'8월'!$I:$I,AM13,'8월'!$T:$T,"??M*")+SUMIFS('8월'!$L:$L,'8월'!$F:$F,"C0000140",'8월'!$I:$I,AM13,'8월'!$T:$T,"??Z*")+SUMIFS('8월'!$L:$L,'8월'!$F:$F,"C0000142",'8월'!$I:$I,AM13) -> 0 | AP13: =IFERROR((AO13/AN13)-1,"") | AQ13: =AO13+AO14 -> 0 | AR13: =IFERROR(DATE($B$7,AR$7,$B13),"") -> 46267 | AS13: =SUMIFS('9월'!$N:$N,'9월'!$F:$F,"C0000004",'9월'!$I:$I,AR13)+SUMIFS('9월'!$N:$N,'9월'!$F:$F,"C0000140",'9월'!$I:$I,AR13,'9월'!$T:$T,"??C*")+SUMIFS('9월'!$N:$N,'9월'!$F:$F,"C0000140",'9월'!$I:$I,AR13,'9월'!$T:$T,"??M*")+SUMIFS('9월'!$N:$N,'9월'!$F:$F,"C0000140",'9월'!$I:$I,AR13,'9월'!$T:$T,"??Z*")+SUMIFS('9월'!$N:$N,'9월'!$F:$F,"C0000142",'9월'!$I:$I,AR13) -> 54459.406 | AT13: =SUMIFS('9월'!$L:$L,'9월'!$F:$F,"C0000004",'9월'!$I:$I,AR13)+SUMIFS('9월'!$L:$L,'9월'!$F:$F,"C0000140",'9월'!$I:$I,AR13,'9월'!$T:$T,"??C*")+SUMIFS('9월'!$L:$L,'9월'!$F:$F,"C0000140",'9월'!$I:$I,AR13,'9월'!$T:$T,"??M*")+SUMIFS('9월'!$L:$L,'9월'!$F:$F,"C0000140",'9월'!$I:$I,AR13,'9월'!$T:$T,"??Z*")+SUMIFS('9월'!$L:$L,'9월'!$F:$F,"C0000142",'9월'!$I:$I,AR13) -> 92000 | AU13: =IFERROR((AT13/AS13)-1,"") -> 0.68933167 | AV13: =AT13+AT14 -> 92000 | AW13: =IFERROR(DATE($B$7,AW$7,$B13),"") -> 46297 | AX13: =SUMIFS('10월'!$N:$N,'10월'!$F:$F,"C0000004",'10월'!$I:$I,AW13)+SUMIFS('10월'!$N:$N,'10월'!$F:$F,"C0000140",'10월'!$I:$I,AW13,'10월'!$T:$T,"??C*")+SUMIFS('10월'!$N:$N,'10월'!$F:$F,"C0000140",'10월'!$I:$I,AW13,'10월'!$T:$T,"??M*")+SUMIFS('10월'!$N:$N,'10월'!$F:$F,"C0000140",'10월'!$I:$I,AW13,'10월'!$T:$T,"??Z*")+SUMIFS('10월'!$N:$N,'10월'!$F:$F,"C0000142",'10월'!$I:$I,AW13) -> 0 | AY13: =SUMIFS('10월'!$L:$L,'10월'!$F:$F,"C0000004",'10월'!$I:$I,AW13)+SUMIFS('10월'!$L:$L,'10월'!$F:$F,"C0000140",'10월'!$I:$I,AW13,'10월'!$T:$T,"??C*")+SUMIFS('10월'!$L:$L,'10월'!$F:$F,"C0000140",'10월'!$I:$I,AW13,'10월'!$T:$T,"??M*")+SUMIFS('10월'!$L:$L,'10월'!$F:$F,"C0000140",'10월'!$I:$I,AW13,'10월'!$T:$T,"??Z*")+SUMIFS('10월'!$L:$L,'10월'!$F:$F,"C0000142",'10월'!$I:$I,AW13) -> 0 | AZ13: =IFERROR((AY13/AX13)-1,"") | BA13: =AY13+AY14 -> 0 | BB13: =IFERROR(DATE($B$7,BB$7,$B13),"") -> 46328 | BC13: =SUMIFS('11월'!$N:$N,'11월'!$F:$F,"C0000004",'11월'!$I:$I,BB13)+SUMIFS('11월'!$N:$N,'11월'!$F:$F,"C0000140",'11월'!$I:$I,BB13,'11월'!$T:$T,"??C*")+SUMIFS('11월'!$N:$N,'11월'!$F:$F,"C0000140",'11월'!$I:$I,BB13,'11월'!$T:$T,"??M*")+SUMIFS('11월'!$N:$N,'11월'!$F:$F,"C0000140",'11월'!$I:$I,BB13,'11월'!$T:$T,"??Z*")+SUMIFS('11월'!$N:$N,'11월'!$F:$F,"C0000142",'11월'!$I:$I,BB13) -> 0 | BD13: =SUMIFS('11월'!$L:$L,'11월'!$F:$F,"C0000004",'11월'!$I:$I,BB13)+SUMIFS('11월'!$L:$L,'11월'!$F:$F,"C0000140",'11월'!$I:$I,BB13,'11월'!$T:$T,"??C*")+SUMIFS('11월'!$L:$L,'11월'!$F:$F,"C0000140",'11월'!$I:$I,BB13,'11월'!$T:$T,"??M*")+SUMIFS('11월'!$L:$L,'11월'!$F:$F,"C0000140",'11월'!$I:$I,BB13,'11월'!$T:$T,"??Z*")+SUMIFS('11월'!$L:$L,'11월'!$F:$F,"C0000142",'11월'!$I:$I,BB13) -> 0 | BE13: =IFERROR((BD13/BC13)-1,"") | BF13: =BD13+BD14 -> 0 | BG13: =IFERROR(DATE($B$7,BG$7,$B13),"") -> 46358 | BH13: =SUMIFS('12월'!$N:$N,'12월'!$F:$F,"C0000004",'12월'!$I:$I,BG13)+SUMIFS('12월'!$N:$N,'12월'!$F:$F,"C0000140",'12월'!$I:$I,BG13,'12월'!$T:$T,"??C*")+SUMIFS('12월'!$N:$N,'12월'!$F:$F,"C0000140",'12월'!$I:$I,BG13,'12월'!$T:$T,"??M*")+SUMIFS('12월'!$N:$N,'12월'!$F:$F,"C0000140",'12월'!$I:$I,BG13,'12월'!$T:$T,"??Z*")+SUMIFS('12월'!$N:$N,'12월'!$F:$F,"C0000142",'12월'!$I:$I,BG13) -> 0 | BI13: =SUMIFS('12월'!$L:$L,'12월'!$F:$F,"C0000004",'12월'!$I:$I,BG13)+SUMIFS('12월'!$L:$L,'12월'!$F:$F,"C0000140",'12월'!$I:$I,BG13,'12월'!$T:$T,"??C*")+SUMIFS('12월'!$L:$L,'12월'!$F:$F,"C0000140",'12월'!$I:$I,BG13,'12월'!$T:$T,"??M*")+SUMIFS('12월'!$L:$L,'12월'!$F:$F,"C0000140",'12월'!$I:$I,BG13,'12월'!$T:$T,"??Z*")+SUMIFS('12월'!$L:$L,'12월'!$F:$F,"C0000142",'12월'!$I:$I,BG13) -> 0 | BJ13: =IFERROR((BI13/BH13)-1,"") | BK13: =BI13+BI14 -> 0
C14: L | E14: =SUMIFS('1월'!$N:$N,'1월'!$F:$F,"*L*",'1월'!$I:$I,D13,'1월'!$S:$S,"윤준희") -> 0 | F14: =SUMIFS('1월'!$L:$L,'1월'!$F:$F,"*L*",'1월'!$I:$I,D13,'1월'!$S:$S,"윤준희") -> 0 | G14: =IFERROR((F14/E14)-1,"") | J14: =SUMIFS('2월'!$N:$N,'2월'!$F:$F,"*L*",'2월'!$I:$I,I13,'2월'!$S:$S,"윤준희") -> 0 | K14: =SUMIFS('2월'!$L:$L,'2월'!$F:$F,"*L*",'2월'!$I:$I,I13,'2월'!$S:$S,"윤준희") -> 0 | L14: =IFERROR((K14/J14)-1,"") | O14: =SUMIFS('3월'!$N:$N,'3월'!$F:$F,"*L*",'3월'!$I:$I,N13,'3월'!$S:$S,"윤준희") -> 0 | P14: =SUMIFS('3월'!$L:$L,'3월'!$F:$F,"*L*",'3월'!$I:$I,N13,'3월'!$S:$S,"윤준희") -> 0 | Q14: =IFERROR((P14/O14)-1,"") | T14: =SUMIFS('4월'!$N:$N,'4월'!$F:$F,"*L*",'4월'!$I:$I,S13,'4월'!$S:$S,"윤준희") -> 0 | U14: =SUMIFS('4월'!$L:$L,'4월'!$F:$F,"*L*",'4월'!$I:$I,S13,'4월'!$S:$S,"윤준희") -> 0 | V14: =IFERROR((U14/T14)-1,"") | Y14: =SUMIFS('5월'!$N:$N,'5월'!$F:$F,"*L*",'5월'!$I:$I,X13,'5월'!$S:$S,"윤준희") -> 0 | Z14: =SUMIFS('5월'!$L:$L,'5월'!$F:$F,"*L*",'5월'!$I:$I,X13,'5월'!$S:$S,"윤준희") -> 0 | AA14: =IFERROR((Z14/Y14)-1,"") | AD14: =SUMIFS('6월'!$N:$N,'6월'!$F:$F,"*L*",'6월'!$I:$I,AC13,'6월'!$S:$S,"윤준희") -> 0 | AE14: =SUMIFS('6월'!$L:$L,'6월'!$F:$F,"*L*",'6월'!$I:$I,AC13,'6월'!$S:$S,"윤준희") -> 0 | AF14: =IFERROR((AE14/AD14)-1,"") | AI14: =SUMIFS('7월'!$N:$N,'7월'!$F:$F,"*L*",'7월'!$I:$I,AH13,'7월'!$S:$S,"윤준희") -> 0 | AJ14: =SUMIFS('7월'!$L:$L,'7월'!$F:$F,"*L*",'7월'!$I:$I,AH13,'7월'!$S:$S,"윤준희") -> 0 | AK14: =IFERROR((AJ14/AI14)-1,"") | AN14: =SUMIFS('8월'!$N:$N,'8월'!$F:$F,"*L*",'8월'!$I:$I,AM13,'8월'!$S:$S,"윤준희") -> 0 | AO14: =SUMIFS('8월'!$L:$L,'8월'!$F:$F,"*L*",'8월'!$I:$I,AM13,'8월'!$S:$S,"윤준희") -> 0 | AP14: =IFERROR((AO14/AN14)-1,"") | AS14: =SUMIFS('9월'!$N:$N,'9월'!$F:$F,"*L*",'9월'!$I:$I,AR13,'9월'!$S:$S,"윤준희") -> 0 | AT14: =SUMIFS('9월'!$L:$L,'9월'!$F:$F,"*L*",'9월'!$I:$I,AR13,'9월'!$S:$S,"윤준희") -> 0 | AU14: =IFERROR((AT14/AS14)-1,"") | AX14: =SUMIFS('10월'!$N:$N,'10월'!$F:$F,"*L*",'10월'!$I:$I,AW13,'10월'!$S:$S,"윤준희") -> 0 | AY14: =SUMIFS('10월'!$L:$L,'10월'!$F:$F,"*L*",'10월'!$I:$I,AW13,'10월'!$S:$S,"윤준희") -> 0 | AZ14: =IFERROR((AY14/AX14)-1,"") | BC14: =SUMIFS('11월'!$N:$N,'11월'!$F:$F,"*L*",'11월'!$I:$I,BB13,'11월'!$S:$S,"윤준희") -> 0 | BD14: =SUMIFS('11월'!$L:$L,'11월'!$F:$F,"*L*",'11월'!$I:$I,BB13,'11월'!$S:$S,"윤준희") -> 0 | BE14: =IFERROR((BD14/BC14)-1,"") | BH14: =SUMIFS('12월'!$N:$N,'12월'!$F:$F,"*L*",'12월'!$I:$I,BG13,'12월'!$S:$S,"윤준희") -> 0 | BI14: =SUMIFS('12월'!$L:$L,'12월'!$F:$F,"*L*",'12월'!$I:$I,BG13,'12월'!$S:$S,"윤준희") -> 0 | BJ14: =IFERROR((BI14/BH14)-1,"")
B15: 3 | C15: C | D15: =IFERROR(DATE($B$7,$D$7,B15),"") -> 46025 | E15: =SUMIFS('1월'!$N:$N,'1월'!$F:$F,"C0000004",'1월'!$I:$I,D15)+SUMIFS('1월'!$N:$N,'1월'!$F:$F,"C0000140",'1월'!$I:$I,D15,'1월'!$T:$T,"??C*")+SUMIFS('1월'!$N:$N,'1월'!$F:$F,"C0000140",'1월'!$I:$I,D15,'1월'!$T:$T,"??M*")+SUMIFS('1월'!$N:$N,'1월'!$F:$F,"C0000140",'1월'!$I:$I,D15,'1월'!$T:$T,"??Z*")+SUMIFS('1월'!$N:$N,'1월'!$F:$F,"C0000142",'1월'!$I:$I,D15) -> 0 | F15: =SUMIFS('1월'!$L:$L,'1월'!$F:$F,"C0000004",'1월'!$I:$I,D15)+SUMIFS('1월'!$L:$L,'1월'!$F:$F,"C0000140",'1월'!$I:$I,D15,'1월'!$T:$T,"??C*")+SUMIFS('1월'!$L:$L,'1월'!$F:$F,"C0000140",'1월'!$I:$I,D15,'1월'!$T:$T,"??M*")+SUMIFS('1월'!$L:$L,'1월'!$F:$F,"C0000140",'1월'!$I:$I,D15,'1월'!$T:$T,"??Z*")+SUMIFS('1월'!$L:$L,'1월'!$F:$F,"C0000142",'1월'!$I:$I,D15) -> 0 | G15: =IFERROR((F15/E15)-1,"") | H15: =F15+F16 -> 0 | I15: =IFERROR(DATE($B$7,I$7,$B15),"") -> 46056 | J15: =SUMIFS('2월'!$N:$N,'2월'!$F:$F,"C0000004",'2월'!$I:$I,I15)+SUMIFS('2월'!$N:$N,'2월'!$F:$F,"C0000140",'2월'!$I:$I,I15,'2월'!$T:$T,"??C*")+SUMIFS('2월'!$N:$N,'2월'!$F:$F,"C0000140",'2월'!$I:$I,I15,'2월'!$T:$T,"??M*")+SUMIFS('2월'!$N:$N,'2월'!$F:$F,"C0000140",'2월'!$I:$I,I15,'2월'!$T:$T,"??Z*")+SUMIFS('2월'!$N:$N,'2월'!$F:$F,"C0000142",'2월'!$I:$I,I15) -> 0 | K15: =SUMIFS('2월'!$L:$L,'2월'!$F:$F,"C0000004",'2월'!$I:$I,I15)+SUMIFS('2월'!$L:$L,'2월'!$F:$F,"C0000140",'2월'!$I:$I,I15,'2월'!$T:$T,"??C*")+SUMIFS('2월'!$L:$L,'2월'!$F:$F,"C0000140",'2월'!$I:$I,I15,'2월'!$T:$T,"??M*")+SUMIFS('2월'!$L:$L,'2월'!$F:$F,"C0000140",'2월'!$I:$I,I15,'2월'!$T:$T,"??Z*")+SUMIFS('2월'!$L:$L,'2월'!$F:$F,"C0000142",'2월'!$I:$I,I15) -> 0 | L15: =IFERROR((K15/J15)-1,"") | M15: =K15+K16 -> 0 | N15: =IFERROR(DATE($B$7,N$7,$B15),"") -> 46084 | O15: =SUMIFS('3월'!$N:$N,'3월'!$F:$F,"C0000004",'3월'!$I:$I,N15)+SUMIFS('3월'!$N:$N,'3월'!$F:$F,"C0000140",'3월'!$I:$I,N15,'3월'!$T:$T,"??C*")+SUMIFS('3월'!$N:$N,'3월'!$F:$F,"C0000140",'3월'!$I:$I,N15,'3월'!$T:$T,"??M*")+SUMIFS('3월'!$N:$N,'3월'!$F:$F,"C0000140",'3월'!$I:$I,N15,'3월'!$T:$T,"??Z*")+SUMIFS('3월'!$N:$N,'3월'!$F:$F,"C0000142",'3월'!$I:$I,N15) -> 0 | P15: =SUMIFS('3월'!$L:$L,'3월'!$F:$F,"C0000004",'3월'!$I:$I,N15)+SUMIFS('3월'!$L:$L,'3월'!$F:$F,"C0000140",'3월'!$I:$I,N15,'3월'!$T:$T,"??C*")+SUMIFS('3월'!$L:$L,'3월'!$F:$F,"C0000140",'3월'!$I:$I,N15,'3월'!$T:$T,"??M*")+SUMIFS('3월'!$L:$L,'3월'!$F:$F,"C0000140",'3월'!$I:$I,N15,'3월'!$T:$T,"??Z*")+SUMIFS('3월'!$L:$L,'3월'!$F:$F,"C0000142",'3월'!$I:$I,N15) -> 0 | Q15: =IFERROR((P15/O15)-1,"") | R15: =P15+P16 -> 0 | S15: =IFERROR(DATE($B$7,S$7,$B15),"") -> 46115 | T15: =SUMIFS('4월'!$N:$N,'4월'!$F:$F,"C0000004",'4월'!$I:$I,S15)+SUMIFS('4월'!$N:$N,'4월'!$F:$F,"C0000140",'4월'!$I:$I,S15,'4월'!$T:$T,"??C*")+SUMIFS('4월'!$N:$N,'4월'!$F:$F,"C0000140",'4월'!$I:$I,S15,'4월'!$T:$T,"??M*")+SUMIFS('4월'!$N:$N,'4월'!$F:$F,"C0000140",'4월'!$I:$I,S15,'4월'!$T:$T,"??Z*")+SUMIFS('4월'!$N:$N,'4월'!$F:$F,"C0000142",'4월'!$I:$I,S15) -> 0 | U15: =SUMIFS('4월'!$L:$L,'4월'!$F:$F,"C0000004",'4월'!$I:$I,S15)+SUMIFS('4월'!$L:$L,'4월'!$F:$F,"C0000140",'4월'!$I:$I,S15,'4월'!$T:$T,"??C*")+SUMIFS('4월'!$L:$L,'4월'!$F:$F,"C0000140",'4월'!$I:$I,S15,'4월'!$T:$T,"??M*")+SUMIFS('4월'!$L:$L,'4월'!$F:$F,"C0000140",'4월'!$I:$I,S15,'4월'!$T:$T,"??Z*")+SUMIFS('4월'!$L:$L,'4월'!$F:$F,"C0000142",'4월'!$I:$I,S15) -> 0 | V15: =IFERROR((U15/T15)-1,"") | W15: =U15+U16 -> 0 | X15: =IFERROR(DATE($B$7,X$7,$B15),"") -> 46145 | Y15: =SUMIFS('5월'!$N:$N,'5월'!$F:$F,"C0000004",'5월'!$I:$I,X15)+SUMIFS('5월'!$N:$N,'5월'!$F:$F,"C0000140",'5월'!$I:$I,X15,'5월'!$T:$T,"??C*")+SUMIFS('5월'!$N:$N,'5월'!$F:$F,"C0000140",'5월'!$I:$I,X15,'5월'!$T:$T,"??M*")+SUMIFS('5월'!$N:$N,'5월'!$F:$F,"C0000140",'5월'!$I:$I,X15,'5월'!$T:$T,"??Z*")+SUMIFS('5월'!$N:$N,'5월'!$F:$F,"C0000142",'5월'!$I:$I,X15) -> 0 | Z15: =SUMIFS('5월'!$L:$L,'5월'!$F:$F,"C0000004",'5월'!$I:$I,X15)+SUMIFS('5월'!$L:$L,'5월'!$F:$F,"C0000140",'5월'!$I:$I,X15,'5월'!$T:$T,"??C*")+SUMIFS('5월'!$L:$L,'5월'!$F:$F,"C0000140",'5월'!$I:$I,X15,'5월'!$T:$T,"??M*")+SUMIFS('5월'!$L:$L,'5월'!$F:$F,"C0000140",'5월'!$I:$I,X15,'5월'!$T:$T,"??Z*")+SUMIFS('5월'!$L:$L,'5월'!$F:$F,"C0000142",'5월'!$I:$I,X15) -> 0 | AA15: =IFERROR((Z15/Y15)-1,"") | AB15: =Z15+Z16 -> 0 | AC15: =IFERROR(DATE($B$7,AC$7,$B15),"") -> 46176 | AD15: =SUMIFS('6월'!$N:$N,'6월'!$F:$F,"C0000004",'6월'!$I:$I,AC15)+SUMIFS('6월'!$N:$N,'6월'!$F:$F,"C0000140",'6월'!$I:$I,AC15,'6월'!$T:$T,"??C*")+SUMIFS('6월'!$N:$N,'6월'!$F:$F,"C0000140",'6월'!$I:$I,AC15,'6월'!$T:$T,"??M*")+SUMIFS('6월'!$N:$N,'6월'!$F:$F,"C0000140",'6월'!$I:$I,AC15,'6월'!$T:$T,"??Z*")+SUMIFS('6월'!$N:$N,'6월'!$F:$F,"C0000142",'6월'!$I:$I,AC15) -> 0 | AE15: =SUMIFS('6월'!$L:$L,'6월'!$F:$F,"C0000004",'6월'!$I:$I,AC15)+SUMIFS('6월'!$L:$L,'6월'!$F:$F,"C0000140",'6월'!$I:$I,AC15,'6월'!$T:$T,"??C*")+SUMIFS('6월'!$L:$L,'6월'!$F:$F,"C0000140",'6월'!$I:$I,AC15,'6월'!$T:$T,"??M*")+SUMIFS('6월'!$L:$L,'6월'!$F:$F,"C0000140",'6월'!$I:$I,AC15,'6월'!$T:$T,"??Z*")+SUMIFS('6월'!$L:$L,'6월'!$F:$F,"C0000142",'6월'!$I:$I,AC15) -> 0 | AF15: =IFERROR((AE15/AD15)-1,"") | AG15: =AE15+AE16 -> 0 | AH15: =IFERROR(DATE($B$7,AH$7,$B15),"") -> 46206 | AI15: =SUMIFS('7월'!$N:$N,'7월'!$F:$F,"C0000004",'7월'!$I:$I,AH15)+SUMIFS('7월'!$N:$N,'7월'!$F:$F,"C0000140",'7월'!$I:$I,AH15,'7월'!$T:$T,"??C*")+SUMIFS('7월'!$N:$N,'7월'!$F:$F,"C0000140",'7월'!$I:$I,AH15,'7월'!$T:$T,"??M*")+SUMIFS('7월'!$N:$N,'7월'!$F:$F,"C0000140",'7월'!$I:$I,AH15,'7월'!$T:$T,"??Z*")+SUMIFS('7월'!$N:$N,'7월'!$F:$F,"C0000142",'7월'!$I:$I,AH15) -> 0 | AJ15: =SUMIFS('7월'!$L:$L,'7월'!$F:$F,"C0000004",'7월'!$I:$I,AH15)+SUMIFS('7월'!$L:$L,'7월'!$F:$F,"C0000140",'7월'!$I:$I,AH15,'7월'!$T:$T,"??C*")+SUMIFS('7월'!$L:$L,'7월'!$F:$F,"C0000140",'7월'!$I:$I,AH15,'7월'!$T:$T,"??M*")+SUMIFS('7월'!$L:$L,'7월'!$F:$F,"C0000140",'7월'!$I:$I,AH15,'7월'!$T:$T,"??Z*")+SUMIFS('7월'!$L:$L,'7월'!$F:$F,"C0000142",'7월'!$I:$I,AH15) -> 0 | AK15: =IFERROR((AJ15/AI15)-1,"") | AL15: =AJ15+AJ16 -> 0 | AM15: =IFERROR(DATE($B$7,AM$7,$B15),"") -> 46237 | AN15: =SUMIFS('8월'!$N:$N,'8월'!$F:$F,"C0000004",'8월'!$I:$I,AM15)+SUMIFS('8월'!$N:$N,'8월'!$F:$F,"C0000140",'8월'!$I:$I,AM15,'8월'!$T:$T,"??C*")+SUMIFS('8월'!$N:$N,'8월'!$F:$F,"C0000140",'8월'!$I:$I,AM15,'8월'!$T:$T,"??M*")+SUMIFS('8월'!$N:$N,'8월'!$F:$F,"C0000140",'8월'!$I:$I,AM15,'8월'!$T:$T,"??Z*")+SUMIFS('8월'!$N:$N,'8월'!$F:$F,"C0000142",'8월'!$I:$I,AM15) -> 0 | AO15: =SUMIFS('8월'!$L:$L,'8월'!$F:$F,"C0000004",'8월'!$I:$I,AM15)+SUMIFS('8월'!$L:$L,'8월'!$F:$F,"C0000140",'8월'!$I:$I,AM15,'8월'!$T:$T,"??C*")+SUMIFS('8월'!$L:$L,'8월'!$F:$F,"C0000140",'8월'!$I:$I,AM15,'8월'!$T:$T,"??M*")+SUMIFS('8월'!$L:$L,'8월'!$F:$F,"C0000140",'8월'!$I:$I,AM15,'8월'!$T:$T,"??Z*")+SUMIFS('8월'!$L:$L,'8월'!$F:$F,"C0000142",'8월'!$I:$I,AM15) -> 0 | AP15: =IFERROR((AO15/AN15)-1,"") | AQ15: =AO15+AO16 -> 0 | AR15: =IFERROR(DATE($B$7,AR$7,$B15),"") -> 46268 | AS15: =SUMIFS('9월'!$N:$N,'9월'!$F:$F,"C0000004",'9월'!$I:$I,AR15)+SUMIFS('9월'!$N:$N,'9월'!$F:$F,"C0000140",'9월'!$I:$I,AR15,'9월'!$T:$T,"??C*")+SUMIFS('9월'!$N:$N,'9월'!$F:$F,"C0000140",'9월'!$I:$I,AR15,'9월'!$T:$T,"??M*")+SUMIFS('9월'!$N:$N,'9월'!$F:$F,"C0000140",'9월'!$I:$I,AR15,'9월'!$T:$T,"??Z*")+SUMIFS('9월'!$N:$N,'9월'!$F:$F,"C0000142",'9월'!$I:$I,AR15) -> 24800 | AT15: =SUMIFS('9월'!$L:$L,'9월'!$F:$F,"C0000004",'9월'!$I:$I,AR15)+SUMIFS('9월'!$L:$L,'9월'!$F:$F,"C0000140",'9월'!$I:$I,AR15,'9월'!$T:$T,"??C*")+SUMIFS('9월'!$L:$L,'9월'!$F:$F,"C0000140",'9월'!$I:$I,AR15,'9월'!$T:$T,"??M*")+SUMIFS('9월'!$L:$L,'9월'!$F:$F,"C0000140",'9월'!$I:$I,AR15,'9월'!$T:$T,"??Z*")+SUMIFS('9월'!$L:$L,'9월'!$F:$F,"C0000142",'9월'!$I:$I,AR15) -> 31000 | AU15: =IFERROR((AT15/AS15)-1,"") -> 0.25 | AV15: =AT15+AT16 -> 31000 | AW15: =IFERROR(DATE($B$7,AW$7,$B15),"") -> 46298 | AX15: =SUMIFS('10월'!$N:$N,'10월'!$F:$F,"C0000004",'10월'!$I:$I,AW15)+SUMIFS('10월'!$N:$N,'10월'!$F:$F,"C0000140",'10월'!$I:$I,AW15,'10월'!$T:$T,"??C*")+SUMIFS('10월'!$N:$N,'10월'!$F:$F,"C0000140",'10월'!$I:$I,AW15,'10월'!$T:$T,"??M*")+SUMIFS('10월'!$N:$N,'10월'!$F:$F,"C0000140",'10월'!$I:$I,AW15,'10월'!$T:$T,"??Z*")+SUMIFS('10월'!$N:$N,'10월'!$F:$F,"C0000142",'10월'!$I:$I,AW15) -> 0 | AY15: =SUMIFS('10월'!$L:$L,'10월'!$F:$F,"C0000004",'10월'!$I:$I,AW15)+SUMIFS('10월'!$L:$L,'10월'!$F:$F,"C0000140",'10월'!$I:$I,AW15,'10월'!$T:$T,"??C*")+SUMIFS('10월'!$L:$L,'10월'!$F:$F,"C0000140",'10월'!$I:$I,AW15,'10월'!$T:$T,"??M*")+SUMIFS('10월'!$L:$L,'10월'!$F:$F,"C0000140",'10월'!$I:$I,AW15,'10월'!$T:$T,"??Z*")+SUMIFS('10월'!$L:$L,'10월'!$F:$F,"C0000142",'10월'!$I:$I,AW15) -> 0 | AZ15: =IFERROR((AY15/AX15)-1,"") | BA15: =AY15+AY16 -> 0 | BB15: =IFERROR(DATE($B$7,BB$7,$B15),"") -> 46329 | BC15: =SUMIFS('11월'!$N:$N,'11월'!$F:$F,"C0000004",'11월'!$I:$I,BB15)+SUMIFS('11월'!$N:$N,'11월'!$F:$F,"C0000140",'11월'!$I:$I,BB15,'11월'!$T:$T,"??C*")+SUMIFS('11월'!$N:$N,'11월'!$F:$F,"C0000140",'11월'!$I:$I,BB15,'11월'!$T:$T,"??M*")+SUMIFS('11월'!$N:$N,'11월'!$F:$F,"C0000140",'11월'!$I:$I,BB15,'11월'!$T:$T,"??Z*")+SUMIFS('11월'!$N:$N,'11월'!$F:$F,"C0000142",'11월'!$I:$I,BB15) -> 0 | BD15: =SUMIFS('11월'!$L:$L,'11월'!$F:$F,"C0000004",'11월'!$I:$I,BB15)+SUMIFS('11월'!$L:$L,'11월'!$F:$F,"C0000140",'11월'!$I:$I,BB15,'11월'!$T:$T,"??C*")+SUMIFS('11월'!$L:$L,'11월'!$F:$F,"C0000140",'11월'!$I:$I,BB15,'11월'!$T:$T,"??M*")+SUMIFS('11월'!$L:$L,'11월'!$F:$F,"C0000140",'11월'!$I:$I,BB15,'11월'!$T:$T,"??Z*")+SUMIFS('11월'!$L:$L,'11월'!$F:$F,"C0000142",'11월'!$I:$I,BB15) -> 0 | BE15: =IFERROR((BD15/BC15)-1,"") | BF15: =BD15+BD16 -> 0 | BG15: =IFERROR(DATE($B$7,BG$7,$B15),"") -> 46359 | BH15: =SUMIFS('12월'!$N:$N,'12월'!$F:$F,"C0000004",'12월'!$I:$I,BG15)+SUMIFS('12월'!$N:$N,'12월'!$F:$F,"C0000140",'12월'!$I:$I,BG15,'12월'!$T:$T,"??C*")+SUMIFS('12월'!$N:$N,'12월'!$F:$F,"C0000140",'12월'!$I:$I,BG15,'12월'!$T:$T,"??M*")+SUMIFS('12월'!$N:$N,'12월'!$F:$F,"C0000140",'12월'!$I:$I,BG15,'12월'!$T:$T,"??Z*")+SUMIFS('12월'!$N:$N,'12월'!$F:$F,"C0000142",'12월'!$I:$I,BG15) -> 0 | BI15: =SUMIFS('12월'!$L:$L,'12월'!$F:$F,"C0000004",'12월'!$I:$I,BG15)+SUMIFS('12월'!$L:$L,'12월'!$F:$F,"C0000140",'12월'!$I:$I,BG15,'12월'!$T:$T,"??C*")+SUMIFS('12월'!$L:$L,'12월'!$F:$F,"C0000140",'12월'!$I:$I,BG15,'12월'!$T:$T,"??M*")+SUMIFS('12월'!$L:$L,'12월'!$F:$F,"C0000140",'12월'!$I:$I,BG15,'12월'!$T:$T,"??Z*")+SUMIFS('12월'!$L:$L,'12월'!$F:$F,"C0000142",'12월'!$I:$I,BG15) -> 0 | BJ15: =IFERROR((BI15/BH15)-1,"") | BK15: =BI15+BI16 -> 0
C16: L | E16: =SUMIFS('1월'!$N:$N,'1월'!$F:$F,"*L*",'1월'!$I:$I,D15,'1월'!$S:$S,"윤준희") -> 0 | F16: =SUMIFS('1월'!$L:$L,'1월'!$F:$F,"*L*",'1월'!$I:$I,D15,'1월'!$S:$S,"윤준희") -> 0 | G16: =IFERROR((F16/E16)-1,"") | J16: =SUMIFS('2월'!$N:$N,'2월'!$F:$F,"*L*",'2월'!$I:$I,I15,'2월'!$S:$S,"윤준희") -> 0 | K16: =SUMIFS('2월'!$L:$L,'2월'!$F:$F,"*L*",'2월'!$I:$I,I15,'2월'!$S:$S,"윤준희") -> 0 | L16: =IFERROR((K16/J16)-1,"") | O16: =SUMIFS('3월'!$N:$N,'3월'!$F:$F,"*L*",'3월'!$I:$I,N15,'3월'!$S:$S,"윤준희") -> 0 | P16: =SUMIFS('3월'!$L:$L,'3월'!$F:$F,"*L*",'3월'!$I:$I,N15,'3월'!$S:$S,"윤준희") -> 0 | Q16: =IFERROR((P16/O16)-1,"") | T16: =SUMIFS('4월'!$N:$N,'4월'!$F:$F,"*L*",'4월'!$I:$I,S15,'4월'!$S:$S,"윤준희") -> 0 | U16: =SUMIFS('4월'!$L:$L,'4월'!$F:$F,"*L*",'4월'!$I:$I,S15,'4월'!$S:$S,"윤준희") -> 0 | V16: =IFERROR((U16/T16)-1,"") | Y16: =SUMIFS('5월'!$N:$N,'5월'!$F:$F,"*L*",'5월'!$I:$I,X15,'5월'!$S:$S,"윤준희") -> 0 | Z16: =SUMIFS('5월'!$L:$L,'5월'!$F:$F,"*L*",'5월'!$I:$I,X15,'5월'!$S:$S,"윤준희") -> 0 | AA16: =IFERROR((Z16/Y16)-1,"") | AD16: =SUMIFS('6월'!$N:$N,'6월'!$F:$F,"*L*",'6월'!$I:$I,AC15,'6월'!$S:$S,"윤준희") -> 0 | AE16: =SUMIFS('6월'!$L:$L,'6월'!$F:$F,"*L*",'6월'!$I:$I,AC15,'6월'!$S:$S,"윤준희")+SUMIFS('6월'!$L:$L,'6월'!$F:$F,"*L*",'6월'!$I:$I,AC15,'6월'!$S:$S,"윤준희") -> 0 | AF16: =IFERROR((AE16/AD16)-1,"") | AI16: =SUMIFS('7월'!$N:$N,'7월'!$F:$F,"*L*",'7월'!$I:$I,AH15,'7월'!$S:$S,"윤준희") -> 0 | AJ16: =SUMIFS('7월'!$L:$L,'7월'!$F:$F,"*L*",'7월'!$I:$I,AH15,'7월'!$S:$S,"윤준희") -> 0 | AK16: =IFERROR((AJ16/AI16)-1,"") | AN16: =SUMIFS('8월'!$N:$N,'8월'!$F:$F,"*L*",'8월'!$I:$I,AM15,'8월'!$S:$S,"윤준희") -> 0 | AO16: =SUMIFS('8월'!$L:$L,'8월'!$F:$F,"*L*",'8월'!$I:$I,AM15,'8월'!$S:$S,"윤준희") -> 0 | AP16: =IFERROR((AO16/AN16)-1,"") | AS16: =SUMIFS('9월'!$N:$N,'9월'!$F:$F,"*L*",'9월'!$I:$I,AR15,'9월'!$S:$S,"윤준희") -> 0 | AT16: =SUMIFS('9월'!$L:$L,'9월'!$F:$F,"*L*",'9월'!$I:$I,AR15,'9월'!$S:$S,"윤준희") -> 0 | AU16: =IFERROR((AT16/AS16)-1,"") | AX16: =SUMIFS('10월'!$N:$N,'10월'!$F:$F,"*L*",'10월'!$I:$I,AW15,'10월'!$S:$S,"윤준희") -> 0 | AY16: =SUMIFS('10월'!$L:$L,'10월'!$F:$F,"*L*",'10월'!$I:$I,AW15,'10월'!$S:$S,"윤준희") -> 0 | AZ16: =IFERROR((AY16/AX16)-1,"") | BC16: =SUMIFS('11월'!$N:$N,'11월'!$F:$F,"*L*",'11월'!$I:$I,BB15,'11월'!$S:$S,"윤준희") -> 0 | BD16: =SUMIFS('11월'!$L:$L,'11월'!$F:$F,"*L*",'11월'!$I:$I,BB15,'11월'!$S:$S,"윤준희") -> 0 | BE16: =IFERROR((BD16/BC16)-1,"") | BH16: =SUMIFS('12월'!$N:$N,'12월'!$F:$F,"*L*",'12월'!$I:$I,BG15,'12월'!$S:$S,"윤준희") -> 0 | BI16: =SUMIFS('12월'!$L:$L,'12월'!$F:$F,"*L*",'12월'!$I:$I,BG15,'12월'!$S:$S,"윤준희") -> 0 | BJ16: =IFERROR((BI16/BH16)-1,"")
B17: 4 | C17: C | D17: =IFERROR(DATE($B$7,$D$7,B17),"") -> 46026 | E17: =SUMIFS('1월'!$N:$N,'1월'!$F:$F,"C0000004",'1월'!$I:$I,D17)+SUMIFS('1월'!$N:$N,'1월'!$F:$F,"C0000140",'1월'!$I:$I,D17,'1월'!$T:$T,"??C*")+SUMIFS('1월'!$N:$N,'1월'!$F:$F,"C0000140",'1월'!$I:$I,D17,'1월'!$T:$T,"??M*")+SUMIFS('1월'!$N:$N,'1월'!$F:$F,"C0000140",'1월'!$I:$I,D17,'1월'!$T:$T,"??Z*")+SUMIFS('1월'!$N:$N,'1월'!$F:$F,"C0000142",'1월'!$I:$I,D17) -> 0 | F17: =SUMIFS('1월'!$L:$L,'1월'!$F:$F,"C0000004",'1월'!$I:$I,D17)+SUMIFS('1월'!$L:$L,'1월'!$F:$F,"C0000140",'1월'!$I:$I,D17,'1월'!$T:$T,"??C*")+SUMIFS('1월'!$L:$L,'1월'!$F:$F,"C0000140",'1월'!$I:$I,D17,'1월'!$T:$T,"??M*")+SUMIFS('1월'!$L:$L,'1월'!$F:$F,"C0000140",'1월'!$I:$I,D17,'1월'!$T:$T,"??Z*")+SUMIFS('1월'!$L:$L,'1월'!$F:$F,"C0000142",'1월'!$I:$I,D17) -> 0 | G17: =IFERROR((F17/E17)-1,"") | H17: =F17+F18 -> 0 | I17: =IFERROR(DATE($B$7,I$7,$B17),"") -> 46057 | J17: =SUMIFS('2월'!$N:$N,'2월'!$F:$F,"C0000004",'2월'!$I:$I,I17)+SUMIFS('2월'!$N:$N,'2월'!$F:$F,"C0000140",'2월'!$I:$I,I17,'2월'!$T:$T,"??C*")+SUMIFS('2월'!$N:$N,'2월'!$F:$F,"C0000140",'2월'!$I:$I,I17,'2월'!$T:$T,"??M*")+SUMIFS('2월'!$N:$N,'2월'!$F:$F,"C0000140",'2월'!$I:$I,I17,'2월'!$T:$T,"??Z*")+SUMIFS('2월'!$N:$N,'2월'!$F:$F,"C0000142",'2월'!$I:$I,I17) -> 0 | K17: =SUMIFS('2월'!$L:$L,'2월'!$F:$F,"C0000004",'2월'!$I:$I,I17)+SUMIFS('2월'!$L:$L,'2월'!$F:$F,"C0000140",'2월'!$I:$I,I17,'2월'!$T:$T,"??C*")+SUMIFS('2월'!$L:$L,'2월'!$F:$F,"C0000140",'2월'!$I:$I,I17,'2월'!$T:$T,"??M*")+SUMIFS('2월'!$L:$L,'2월'!$F:$F,"C0000140",'2월'!$I:$I,I17,'2월'!$T:$T,"??Z*")+SUMIFS('2월'!$L:$L,'2월'!$F:$F,"C0000142",'2월'!$I:$I,I17) -> 0 | L17: =IFERROR((K17/J17)-1,"") | M17: =K17+K18 -> 0 | N17: =IFERROR(DATE($B$7,N$7,$B17),"") -> 46085 | O17: =SUMIFS('3월'!$N:$N,'3월'!$F:$F,"C0000004",'3월'!$I:$I,N17)+SUMIFS('3월'!$N:$N,'3월'!$F:$F,"C0000140",'3월'!$I:$I,N17,'3월'!$T:$T,"??C*")+SUMIFS('3월'!$N:$N,'3월'!$F:$F,"C0000140",'3월'!$I:$I,N17,'3월'!$T:$T,"??M*")+SUMIFS('3월'!$N:$N,'3월'!$F:$F,"C0000140",'3월'!$I:$I,N17,'3월'!$T:$T,"??Z*")+SUMIFS('3월'!$N:$N,'3월'!$F:$F,"C0000142",'3월'!$I:$I,N17) -> 0 | P17: =SUMIFS('3월'!$L:$L,'3월'!$F:$F,"C0000004",'3월'!$I:$I,N17)+SUMIFS('3월'!$L:$L,'3월'!$F:$F,"C0000140",'3월'!$I:$I,N17,'3월'!$T:$T,"??C*")+SUMIFS('3월'!$L:$L,'3월'!$F:$F,"C0000140",'3월'!$I:$I,N17,'3월'!$T:$T,"??M*")+SUMIFS('3월'!$L:$L,'3월'!$F:$F,"C0000140",'3월'!$I:$I,N17,'3월'!$T:$T,"??Z*")+SUMIFS('3월'!$L:$L,'3월'!$F:$F,"C0000142",'3월'!$I:$I,N17) -> 0 | Q17: =IFERROR((P17/O17)-1,"") | R17: =P17+P18 -> 0 | S17: =IFERROR(DATE($B$7,S$7,$B17),"") -> 46116 | T17: =SUMIFS('4월'!$N:$N,'4월'!$F:$F,"C0000004",'4월'!$I:$I,S17)+SUMIFS('4월'!$N:$N,'4월'!$F:$F,"C0000140",'4월'!$I:$I,S17,'4월'!$T:$T,"??C*")+SUMIFS('4월'!$N:$N,'4월'!$F:$F,"C0000140",'4월'!$I:$I,S17,'4월'!$T:$T,"??M*")+SUMIFS('4월'!$N:$N,'4월'!$F:$F,"C0000140",'4월'!$I:$I,S17,'4월'!$T:$T,"??Z*")+SUMIFS('4월'!$N:$N,'4월'!$F:$F,"C0000142",'4월'!$I:$I,S17) -> 0 | U17: =SUMIFS('4월'!$L:$L,'4월'!$F:$F,"C0000004",'4월'!$I:$I,S17)+SUMIFS('4월'!$L:$L,'4월'!$F:$F,"C0000140",'4월'!$I:$I,S17,'4월'!$T:$T,"??C*")+SUMIFS('4월'!$L:$L,'4월'!$F:$F,"C0000140",'4월'!$I:$I,S17,'4월'!$T:$T,"??M*")+SUMIFS('4월'!$L:$L,'4월'!$F:$F,"C0000140",'4월'!$I:$I,S17,'4월'!$T:$T,"??Z*")+SUMIFS('4월'!$L:$L,'4월'!$F:$F,"C0000142",'4월'!$I:$I,S17) -> 0 | V17: =IFERROR((U17/T17)-1,"") | W17: =U17+U18 -> 0 | X17: =IFERROR(DATE($B$7,X$7,$B17),"") -> 46146 | Y17: =SUMIFS('5월'!$N:$N,'5월'!$F:$F,"C0000004",'5월'!$I:$I,X17)+SUMIFS('5월'!$N:$N,'5월'!$F:$F,"C0000140",'5월'!$I:$I,X17,'5월'!$T:$T,"??C*")+SUMIFS('5월'!$N:$N,'5월'!$F:$F,"C0000140",'5월'!$I:$I,X17,'5월'!$T:$T,"??M*")+SUMIFS('5월'!$N:$N,'5월'!$F:$F,"C0000140",'5월'!$I:$I,X17,'5월'!$T:$T,"??Z*")+SUMIFS('5월'!$N:$N,'5월'!$F:$F,"C0000142",'5월'!$I:$I,X17) -> 0 | Z17: =SUMIFS('5월'!$L:$L,'5월'!$F:$F,"C0000004",'5월'!$I:$I,X17)+SUMIFS('5월'!$L:$L,'5월'!$F:$F,"C0000140",'5월'!$I:$I,X17,'5월'!$T:$T,"??C*")+SUMIFS('5월'!$L:$L,'5월'!$F:$F,"C0000140",'5월'!$I:$I,X17,'5월'!$T:$T,"??M*")+SUMIFS('5월'!$L:$L,'5월'!$F:$F,"C0000140",'5월'!$I:$I,X17,'5월'!$T:$T,"??Z*")+SUMIFS('5월'!$L:$L,'5월'!$F:$F,"C0000142",'5월'!$I:$I,X17) -> 0 | AA17: =IFERROR((Z17/Y17)-1,"") | AB17: =Z17+Z18 -> 0 | AC17: =IFERROR(DATE($B$7,AC$7,$B17),"") -> 46177 | AD17: =SUMIFS('6월'!$N:$N,'6월'!$F:$F,"C0000004",'6월'!$I:$I,AC17)+SUMIFS('6월'!$N:$N,'6월'!$F:$F,"C0000140",'6월'!$I:$I,AC17,'6월'!$T:$T,"??C*")+SUMIFS('6월'!$N:$N,'6월'!$F:$F,"C0000140",'6월'!$I:$I,AC17,'6월'!$T:$T,"??M*")+SUMIFS('6월'!$N:$N,'6월'!$F:$F,"C0000140",'6월'!$I:$I,AC17,'6월'!$T:$T,"??Z*")+SUMIFS('6월'!$N:$N,'6월'!$F:$F,"C0000142",'6월'!$I:$I,AC17) -> 0 | AE17: =SUMIFS('6월'!$L:$L,'6월'!$F:$F,"C0000004",'6월'!$I:$I,AC17)+SUMIFS('6월'!$L:$L,'6월'!$F:$F,"C0000140",'6월'!$I:$I,AC17,'6월'!$T:$T,"??C*")+SUMIFS('6월'!$L:$L,'6월'!$F:$F,"C0000140",'6월'!$I:$I,AC17,'6월'!$T:$T,"??M*")+SUMIFS('6월'!$L:$L,'6월'!$F:$F,"C0000140",'6월'!$I:$I,AC17,'6월'!$T:$T,"??Z*")+SUMIFS('6월'!$L:$L,'6월'!$F:$F,"C0000142",'6월'!$I:$I,AC17) -> 0 | AF17: =IFERROR((AE17/AD17)-1,"") | AG17: =AE17+AE18 -> 0 | AH17: =IFERROR(DATE($B$7,AH$7,$B17),"") -> 46207 | AI17: =SUMIFS('7월'!$N:$N,'7월'!$F:$F,"C0000004",'7월'!$I:$I,AH17)+SUMIFS('7월'!$N:$N,'7월'!$F:$F,"C0000140",'7월'!$I:$I,AH17,'7월'!$T:$T,"??C*")+SUMIFS('7월'!$N:$N,'7월'!$F:$F,"C0000140",'7월'!$I:$I,AH17,'7월'!$T:$T,"??M*")+SUMIFS('7월'!$N:$N,'7월'!$F:$F,"C0000140",'7월'!$I:$I,AH17,'7월'!$T:$T,"??Z*")+SUMIFS('7월'!$N:$N,'7월'!$F:$F,"C0000142",'7월'!$I:$I,AH17) -> 0 | AJ17: =SUMIFS('7월'!$L:$L,'7월'!$F:$F,"C0000004",'7월'!$I:$I,AH17)+SUMIFS('7월'!$L:$L,'7월'!$F:$F,"C0000140",'7월'!$I:$I,AH17,'7월'!$T:$T,"??C*")+SUMIFS('7월'!$L:$L,'7월'!$F:$F,"C0000140",'7월'!$I:$I,AH17,'7월'!$T:$T,"??M*")+SUMIFS('7월'!$L:$L,'7월'!$F:$F,"C0000140",'7월'!$I:$I,AH17,'7월'!$T:$T,"??Z*")+SUMIFS('7월'!$L:$L,'7월'!$F:$F,"C0000142",'7월'!$I:$I,AH17) -> 0 | AK17: =IFERROR((AJ17/AI17)-1,"") | AL17: =AJ17+AJ18 -> 0 | AM17: =IFERROR(DATE($B$7,AM$7,$B17),"") -> 46238 | AN17: =SUMIFS('8월'!$N:$N,'8월'!$F:$F,"C0000004",'8월'!$I:$I,AM17)+SUMIFS('8월'!$N:$N,'8월'!$F:$F,"C0000140",'8월'!$I:$I,AM17,'8월'!$T:$T,"??C*")+SUMIFS('8월'!$N:$N,'8월'!$F:$F,"C0000140",'8월'!$I:$I,AM17,'8월'!$T:$T,"??M*")+SUMIFS('8월'!$N:$N,'8월'!$F:$F,"C0000140",'8월'!$I:$I,AM17,'8월'!$T:$T,"??Z*")+SUMIFS('8월'!$N:$N,'8월'!$F:$F,"C0000142",'8월'!$I:$I,AM17) -> 0 | AO17: =SUMIFS('8월'!$L:$L,'8월'!$F:$F,"C0000004",'8월'!$I:$I,AM17)+SUMIFS('8월'!$L:$L,'8월'!$F:$F,"C0000140",'8월'!$I:$I,AM17,'8월'!$T:$T,"??C*")+SUMIFS('8월'!$L:$L,'8월'!$F:$F,"C0000140",'8월'!$I:$I,AM17,'8월'!$T:$T,"??M*")+SUMIFS('8월'!$L:$L,'8월'!$F:$F,"C0000140",'8월'!$I:$I,AM17,'8월'!$T:$T,"??Z*")+SUMIFS('8월'!$L:$L,'8월'!$F:$F,"C0000142",'8월'!$I:$I,AM17) -> 0 | AP17: =IFERROR((AO17/AN17)-1,"") | AQ17: =AO17+AO18 -> 0 | AR17: =IFERROR(DATE($B$7,AR$7,$B17),"") -> 46269 | AS17: =SUMIFS('9월'!$N:$N,'9월'!$F:$F,"C0000004",'9월'!$I:$I,AR17)+SUMIFS('9월'!$N:$N,'9월'!$F:$F,"C0000140",'9월'!$I:$I,AR17,'9월'!$T:$T,"??C*")+SUMIFS('9월'!$N:$N,'9월'!$F:$F,"C0000140",'9월'!$I:$I,AR17,'9월'!$T:$T,"??M*")+SUMIFS('9월'!$N:$N,'9월'!$F:$F,"C0000140",'9월'!$I:$I,AR17,'9월'!$T:$T,"??Z*")+SUMIFS('9월'!$N:$N,'9월'!$F:$F,"C0000142",'9월'!$I:$I,AR17) -> 885870 | AT17: =SUMIFS('9월'!$L:$L,'9월'!$F:$F,"C0000004",'9월'!$I:$I,AR17)+SUMIFS('9월'!$L:$L,'9월'!$F:$F,"C0000140",'9월'!$I:$I,AR17,'9월'!$T:$T,"??C*")+SUMIFS('9월'!$L:$L,'9월'!$F:$F,"C0000140",'9월'!$I:$I,AR17,'9월'!$T:$T,"??M*")+SUMIFS('9월'!$L:$L,'9월'!$F:$F,"C0000140",'9월'!$I:$I,AR17,'9월'!$T:$T,"??Z*")+SUMIFS('9월'!$L:$L,'9월'!$F:$F,"C0000142",'9월'!$I:$I,AR17) -> 1020600 | AU17: =IFERROR((AT17/AS17)-1,"") -> 0.15208778 | AV17: =AT17+AT18 -> 1020600 | AW17: =IFERROR(DATE($B$7,AW$7,$B17),"") -> 46299 | AX17: =SUMIFS('10월'!$N:$N,'10월'!$F:$F,"C0000004",'10월'!$I:$I,AW17)+SUMIFS('10월'!$N:$N,'10월'!$F:$F,"C0000140",'10월'!$I:$I,AW17,'10월'!$T:$T,"??C*")+SUMIFS('10월'!$N:$N,'10월'!$F:$F,"C0000140",'10월'!$I:$I,AW17,'10월'!$T:$T,"??M*")+SUMIFS('10월'!$N:$N,'10월'!$F:$F,"C0000140",'10월'!$I:$I,AW17,'10월'!$T:$T,"??Z*")+SUMIFS('10월'!$N:$N,'10월'!$F:$F,"C0000142",'10월'!$I:$I,AW17) -> 0 | AY17: =SUMIFS('10월'!$L:$L,'10월'!$F:$F,"C0000004",'10월'!$I:$I,AW17)+SUMIFS('10월'!$L:$L,'10월'!$F:$F,"C0000140",'10월'!$I:$I,AW17,'10월'!$T:$T,"??C*")+SUMIFS('10월'!$L:$L,'10월'!$F:$F,"C0000140",'10월'!$I:$I,AW17,'10월'!$T:$T,"??M*")+SUMIFS('10월'!$L:$L,'10월'!$F:$F,"C0000140",'10월'!$I:$I,AW17,'10월'!$T:$T,"??Z*")+SUMIFS('10월'!$L:$L,'10월'!$F:$F,"C0000142",'10월'!$I:$I,AW17) -> 0 | AZ17: =IFERROR((AY17/AX17)-1,"") | BA17: =AY17+AY18 -> 0 | BB17: =IFERROR(DATE($B$7,BB$7,$B17),"") -> 46330 | BC17: =SUMIFS('11월'!$N:$N,'11월'!$F:$F,"C0000004",'11월'!$I:$I,BB17)+SUMIFS('11월'!$N:$N,'11월'!$F:$F,"C0000140",'11월'!$I:$I,BB17,'11월'!$T:$T,"??C*")+SUMIFS('11월'!$N:$N,'11월'!$F:$F,"C0000140",'11월'!$I:$I,BB17,'11월'!$T:$T,"??M*")+SUMIFS('11월'!$N:$N,'11월'!$F:$F,"C0000140",'11월'!$I:$I,BB17,'11월'!$T:$T,"??Z*")+SUMIFS('11월'!$N:$N,'11월'!$F:$F,"C0000142",'11월'!$I:$I,BB17) -> 0 | BD17: =SUMIFS('11월'!$L:$L,'11월'!$F:$F,"C0000004",'11월'!$I:$I,BB17)+SUMIFS('11월'!$L:$L,'11월'!$F:$F,"C0000140",'11월'!$I:$I,BB17,'11월'!$T:$T,"??C*")+SUMIFS('11월'!$L:$L,'11월'!$F:$F,"C0000140",'11월'!$I:$I,BB17,'11월'!$T:$T,"??M*")+SUMIFS('11월'!$L:$L,'11월'!$F:$F,"C0000140",'11월'!$I:$I,BB17,'11월'!$T:$T,"??Z*")+SUMIFS('11월'!$L:$L,'11월'!$F:$F,"C0000142",'11월'!$I:$I,BB17) -> 0 | BE17: =IFERROR((BD17/BC17)-1,"") | BF17: =BD17+BD18 -> 0 | BG17: =IFERROR(DATE($B$7,BG$7,$B17),"") -> 46360 | BH17: =SUMIFS('12월'!$N:$N,'12월'!$F:$F,"C0000004",'12월'!$I:$I,BG17)+SUMIFS('12월'!$N:$N,'12월'!$F:$F,"C0000140",'12월'!$I:$I,BG17,'12월'!$T:$T,"??C*")+SUMIFS('12월'!$N:$N,'12월'!$F:$F,"C0000140",'12월'!$I:$I,BG17,'12월'!$T:$T,"??M*")+SUMIFS('12월'!$N:$N,'12월'!$F:$F,"C0000140",'12월'!$I:$I,BG17,'12월'!$T:$T,"??Z*")+SUMIFS('12월'!$N:$N,'12월'!$F:$F,"C0000142",'12월'!$I:$I,BG17) -> 0 | BI17: =SUMIFS('12월'!$L:$L,'12월'!$F:$F,"C0000004",'12월'!$I:$I,BG17)+SUMIFS('12월'!$L:$L,'12월'!$F:$F,"C0000140",'12월'!$I:$I,BG17,'12월'!$T:$T,"??C*")+SUMIFS('12월'!$L:$L,'12월'!$F:$F,"C0000140",'12월'!$I:$I,BG17,'12월'!$T:$T,"??M*")+SUMIFS('12월'!$L:$L,'12월'!$F:$F,"C0000140",'12월'!$I:$I,BG17,'12월'!$T:$T,"??Z*")+SUMIFS('12월'!$L:$L,'12월'!$F:$F,"C0000142",'12월'!$I:$I,BG17) -> 0 | BJ17: =IFERROR((BI17/BH17)-1,"") | BK17: =BI17+BI18 -> 0
C18: L | E18: =SUMIFS('1월'!$N:$N,'1월'!$F:$F,"*L*",'1월'!$I:$I,D17,'1월'!$S:$S,"윤준희") -> 0 | F18: =SUMIFS('1월'!$L:$L,'1월'!$F:$F,"*L*",'1월'!$I:$I,D17,'1월'!$S:$S,"윤준희") -> 0 | G18: =IFERROR((F18/E18)-1,"") | J18: =SUMIFS('2월'!$N:$N,'2월'!$F:$F,"*L*",'2월'!$I:$I,I17,'2월'!$S:$S,"윤준희") -> 0 | K18: =SUMIFS('2월'!$L:$L,'2월'!$F:$F,"*L*",'2월'!$I:$I,I17,'2월'!$S:$S,"윤준희") -> 0 | L18: =IFERROR((K18/J18)-1,"") | O18: =SUMIFS('3월'!$N:$N,'3월'!$F:$F,"*L*",'3월'!$I:$I,N17,'3월'!$S:$S,"윤준희") -> 0 | P18: =SUMIFS('3월'!$L:$L,'3월'!$F:$F,"*L*",'3월'!$I:$I,N17,'3월'!$S:$S,"윤준희") -> 0 | Q18: =IFERROR((P18/O18)-1,"") | T18: =SUMIFS('4월'!$N:$N,'4월'!$F:$F,"*L*",'4월'!$I:$I,S17,'4월'!$S:$S,"윤준희") -> 0 | U18: =SUMIFS('4월'!$L:$L,'4월'!$F:$F,"*L*",'4월'!$I:$I,S17,'4월'!$S:$S,"윤준희") -> 0 | V18: =IFERROR((U18/T18)-1,"") | Y18: =SUMIFS('5월'!$N:$N,'5월'!$F:$F,"*L*",'5월'!$I:$I,X17,'5월'!$S:$S,"윤준희") -> 0 | Z18: =SUMIFS('5월'!$L:$L,'5월'!$F:$F,"*L*",'5월'!$I:$I,X17,'5월'!$S:$S,"윤준희") -> 0 | AA18: =IFERROR((Z18/Y18)-1,"") | AD18: =SUMIFS('6월'!$N:$N,'6월'!$F:$F,"*L*",'6월'!$I:$I,AC17,'6월'!$S:$S,"윤준희") -> 0 | AE18: =SUMIFS('6월'!$L:$L,'6월'!$F:$F,"*L*",'6월'!$I:$I,AC17,'6월'!$S:$S,"윤준희")+SUMIFS('6월'!$L:$L,'6월'!$F:$F,"*L*",'6월'!$I:$I,AC17,'6월'!$S:$S,"윤준희") -> 0 | AF18: =IFERROR((AE18/AD18)-1,"") | AI18: =SUMIFS('7월'!$N:$N,'7월'!$F:$F,"*L*",'7월'!$I:$I,AH17,'7월'!$S:$S,"윤준희") -> 0 | AJ18: =SUMIFS('7월'!$L:$L,'7월'!$F:$F,"*L*",'7월'!$I:$I,AH17,'7월'!$S:$S,"윤준희") -> 0 | AK18: =IFERROR((AJ18/AI18)-1,"") | AN18: =SUMIFS('8월'!$N:$N,'8월'!$F:$F,"*L*",'8월'!$I:$I,AM17,'8월'!$S:$S,"윤준희") -> 0 | AO18: =SUMIFS('8월'!$L:$L,'8월'!$F:$F,"*L*",'8월'!$I:$I,AM17,'8월'!$S:$S,"윤준희") -> 0 | AP18: =IFERROR((AO18/AN18)-1,"") | AS18: =SUMIFS('9월'!$N:$N,'9월'!$F:$F,"*L*",'9월'!$I:$I,AR17,'9월'!$S:$S,"윤준희") -> 0 | AT18: =SUMIFS('9월'!$L:$L,'9월'!$F:$F,"*L*",'9월'!$I:$I,AR17,'9월'!$S:$S,"윤준희") -> 0 | AU18: =IFERROR((AT18/AS18)-1,"") | AX18: =SUMIFS('10월'!$N:$N,'10월'!$F:$F,"*L*",'10월'!$I:$I,AW17,'10월'!$S:$S,"윤준희") -> 0 | AY18: =SUMIFS('10월'!$L:$L,'10월'!$F:$F,"*L*",'10월'!$I:$I,AW17,'10월'!$S:$S,"윤준희") -> 0 | AZ18: =IFERROR((AY18/AX18)-1,"") | BC18: =SUMIFS('11월'!$N:$N,'11월'!$F:$F,"*L*",'11월'!$I:$I,BB17,'11월'!$S:$S,"윤준희") -> 0 | BD18: =SUMIFS('11월'!$L:$L,'11월'!$F:$F,"*L*",'11월'!$I:$I,BB17,'11월'!$S:$S,"윤준희") -> 0 | BE18: =IFERROR((BD18/BC18)-1,"") | BH18: =SUMIFS('12월'!$N:$N,'12월'!$F:$F,"*L*",'12월'!$I:$I,BG17,'12월'!$S:$S,"윤준희") -> 0 | BI18: =SUMIFS('12월'!$L:$L,'12월'!$F:$F,"*L*",'12월'!$I:$I,BG17,'12월'!$S:$S,"윤준희") -> 0 | BJ18: =IFERROR((BI18/BH18)-1,"")
B19: 5 | C19: C | D19: =IFERROR(DATE($B$7,$D$7,B19),"") -> 46027 | E19: =SUMIFS('1월'!$N:$N,'1월'!$F:$F,"C0000004",'1월'!$I:$I,D19)+SUMIFS('1월'!$N:$N,'1월'!$F:$F,"C0000140",'1월'!$I:$I,D19,'1월'!$T:$T,"??C*")+SUMIFS('1월'!$N:$N,'1월'!$F:$F,"C0000140",'1월'!$I:$I,D19,'1월'!$T:$T,"??M*")+SUMIFS('1월'!$N:$N,'1월'!$F:$F,"C0000140",'1월'!$I:$I,D19,'1월'!$T:$T,"??Z*")+SUMIFS('1월'!$N:$N,'1월'!$F:$F,"C0000142",'1월'!$I:$I,D19) -> 0 | F19: =SUMIFS('1월'!$L:$L,'1월'!$F:$F,"C0000004",'1월'!$I:$I,D19)+SUMIFS('1월'!$L:$L,'1월'!$F:$F,"C0000140",'1월'!$I:$I,D19,'1월'!$T:$T,"??C*")+SUMIFS('1월'!$L:$L,'1월'!$F:$F,"C0000140",'1월'!$I:$I,D19,'1월'!$T:$T,"??M*")+SUMIFS('1월'!$L:$L,'1월'!$F:$F,"C0000140",'1월'!$I:$I,D19,'1월'!$T:$T,"??Z*")+SUMIFS('1월'!$L:$L,'1월'!$F:$F,"C0000142",'1월'!$I:$I,D19) -> 0 | G19: =IFERROR((F19/E19)-1,"") | H19: =F19+F20 -> 0 | I19: =IFERROR(DATE($B$7,I$7,$B19),"") -> 46058 | J19: =SUMIFS('2월'!$N:$N,'2월'!$F:$F,"C0000004",'2월'!$I:$I,I19)+SUMIFS('2월'!$N:$N,'2월'!$F:$F,"C0000140",'2월'!$I:$I,I19,'2월'!$T:$T,"??C*")+SUMIFS('2월'!$N:$N,'2월'!$F:$F,"C0000140",'2월'!$I:$I,I19,'2월'!$T:$T,"??M*")+SUMIFS('2월'!$N:$N,'2월'!$F:$F,"C0000140",'2월'!$I:$I,I19,'2월'!$T:$T,"??Z*")+SUMIFS('2월'!$N:$N,'2월'!$F:$F,"C0000142",'2월'!$I:$I,I19) -> 0 | K19: =SUMIFS('2월'!$L:$L,'2월'!$F:$F,"C0000004",'2월'!$I:$I,I19)+SUMIFS('2월'!$L:$L,'2월'!$F:$F,"C0000140",'2월'!$I:$I,I19,'2월'!$T:$T,"??C*")+SUMIFS('2월'!$L:$L,'2월'!$F:$F,"C0000140",'2월'!$I:$I,I19,'2월'!$T:$T,"??M*")+SUMIFS('2월'!$L:$L,'2월'!$F:$F,"C0000140",'2월'!$I:$I,I19,'2월'!$T:$T,"??Z*")+SUMIFS('2월'!$L:$L,'2월'!$F:$F,"C0000142",'2월'!$I:$I,I19) -> 0 | L19: =IFERROR((K19/J19)-1,"") | M19: =K19+K20 -> 0 | N19: =IFERROR(DATE($B$7,N$7,$B19),"") -> 46086 | O19: =SUMIFS('3월'!$N:$N,'3월'!$F:$F,"C0000004",'3월'!$I:$I,N19)+SUMIFS('3월'!$N:$N,'3월'!$F:$F,"C0000140",'3월'!$I:$I,N19,'3월'!$T:$T,"??C*")+SUMIFS('3월'!$N:$N,'3월'!$F:$F,"C0000140",'3월'!$I:$I,N19,'3월'!$T:$T,"??M*")+SUMIFS('3월'!$N:$N,'3월'!$F:$F,"C0000140",'3월'!$I:$I,N19,'3월'!$T:$T,"??Z*")+SUMIFS('3월'!$N:$N,'3월'!$F:$F,"C0000142",'3월'!$I:$I,N19) -> 0 | P19: =SUMIFS('3월'!$L:$L,'3월'!$F:$F,"C0000004",'3월'!$I:$I,N19)+SUMIFS('3월'!$L:$L,'3월'!$F:$F,"C0000140",'3월'!$I:$I,N19,'3월'!$T:$T,"??C*")+SUMIFS('3월'!$L:$L,'3월'!$F:$F,"C0000140",'3월'!$I:$I,N19,'3월'!$T:$T,"??M*")+SUMIFS('3월'!$L:$L,'3월'!$F:$F,"C0000140",'3월'!$I:$I,N19,'3월'!$T:$T,"??Z*")+SUMIFS('3월'!$L:$L,'3월'!$F:$F,"C0000142",'3월'!$I:$I,N19) -> 0 | Q19: =IFERROR((P19/O19)-1,"") | R19: =P19+P20 -> 0 | S19: =IFERROR(DATE($B$7,S$7,$B19),"") -> 46117 | T19: =SUMIFS('4월'!$N:$N,'4월'!$F:$F,"C0000004",'4월'!$I:$I,S19)+SUMIFS('4월'!$N:$N,'4월'!$F:$F,"C0000140",'4월'!$I:$I,S19,'4월'!$T:$T,"??C*")+SUMIFS('4월'!$N:$N,'4월'!$F:$F,"C0000140",'4월'!$I:$I,S19,'4월'!$T:$T,"??M*")+SUMIFS('4월'!$N:$N,'4월'!$F:$F,"C0000140",'4월'!$I:$I,S19,'4월'!$T:$T,"??Z*")+SUMIFS('4월'!$N:$N,'4월'!$F:$F,"C0000142",'4월'!$I:$I,S19) -> 0 | U19: =SUMIFS('4월'!$L:$L,'4월'!$F:$F,"C0000004",'4월'!$I:$I,S19)+SUMIFS('4월'!$L:$L,'4월'!$F:$F,"C0000140",'4월'!$I:$I,S19,'4월'!$T:$T,"??C*")+SUMIFS('4월'!$L:$L,'4월'!$F:$F,"C0000140",'4월'!$I:$I,S19,'4월'!$T:$T,"??M*")+SUMIFS('4월'!$L:$L,'4월'!$F:$F,"C0000140",'4월'!$I:$I,S19,'4월'!$T:$T,"??Z*")+SUMIFS('4월'!$L:$L,'4월'!$F:$F,"C0000142",'4월'!$I:$I,S19) -> 0 | V19: =IFERROR((U19/T19)-1,"") | W19: =U19+U20 -> 0 | X19: =IFERROR(DATE($B$7,X$7,$B19),"") -> 46147 | Y19: =SUMIFS('5월'!$N:$N,'5월'!$F:$F,"C0000004",'5월'!$I:$I,X19)+SUMIFS('5월'!$N:$N,'5월'!$F:$F,"C0000140",'5월'!$I:$I,X19,'5월'!$T:$T,"??C*")+SUMIFS('5월'!$N:$N,'5월'!$F:$F,"C0000140",'5월'!$I:$I,X19,'5월'!$T:$T,"??M*")+SUMIFS('5월'!$N:$N,'5월'!$F:$F,"C0000140",'5월'!$I:$I,X19,'5월'!$T:$T,"??Z*")+SUMIFS('5월'!$N:$N,'5월'!$F:$F,"C0000142",'5월'!$I:$I,X19) -> 0 | Z19: =SUMIFS('5월'!$L:$L,'5월'!$F:$F,"C0000004",'5월'!$I:$I,X19)+SUMIFS('5월'!$L:$L,'5월'!$F:$F,"C0000140",'5월'!$I:$I,X19,'5월'!$T:$T,"??C*")+SUMIFS('5월'!$L:$L,'5월'!$F:$F,"C0000140",'5월'!$I:$I,X19,'5월'!$T:$T,"??M*")+SUMIFS('5월'!$L:$L,'5월'!$F:$F,"C0000140",'5월'!$I:$I,X19,'5월'!$T:$T,"??Z*")+SUMIFS('5월'!$L:$L,'5월'!$F:$F,"C0000142",'5월'!$I:$I,X19) -> 0 | AA19: =IFERROR((Z19/Y19)-1,"") | AB19: =Z19+Z20 -> 0 | AC19: =IFERROR(DATE($B$7,AC$7,$B19),"") -> 46178 | AD19: =SUMIFS('6월'!$N:$N,'6월'!$F:$F,"C0000004",'6월'!$I:$I,AC19)+SUMIFS('6월'!$N:$N,'6월'!$F:$F,"C0000140",'6월'!$I:$I,AC19,'6월'!$T:$T,"??C*")+SUMIFS('6월'!$N:$N,'6월'!$F:$F,"C0000140",'6월'!$I:$I,AC19,'6월'!$T:$T,"??M*")+SUMIFS('6월'!$N:$N,'6월'!$F:$F,"C0000140",'6월'!$I:$I,AC19,'6월'!$T:$T,"??Z*")+SUMIFS('6월'!$N:$N,'6월'!$F:$F,"C0000142",'6월'!$I:$I,AC19) -> 0 | AE19: =SUMIFS('6월'!$L:$L,'6월'!$F:$F,"C0000004",'6월'!$I:$I,AC19)+SUMIFS('6월'!$L:$L,'6월'!$F:$F,"C0000140",'6월'!$I:$I,AC19,'6월'!$T:$T,"??C*")+SUMIFS('6월'!$L:$L,'6월'!$F:$F,"C0000140",'6월'!$I:$I,AC19,'6월'!$T:$T,"??M*")+SUMIFS('6월'!$L:$L,'6월'!$F:$F,"C0000140",'6월'!$I:$I,AC19,'6월'!$T:$T,"??Z*")+SUMIFS('6월'!$L:$L,'6월'!$F:$F,"C0000142",'6월'!$I:$I,AC19) -> 0 | AF19: =IFERROR((AE19/AD19)-1,"") | AG19: =AE19+AE20 -> 0 | AH19: =IFERROR(DATE($B$7,AH$7,$B19),"") -> 46208 | AI19: =SUMIFS('7월'!$N:$N,'7월'!$F:$F,"C0000004",'7월'!$I:$I,AH19)+SUMIFS('7월'!$N:$N,'7월'!$F:$F,"C0000140",'7월'!$I:$I,AH19,'7월'!$T:$T,"??C*")+SUMIFS('7월'!$N:$N,'7월'!$F:$F,"C0000140",'7월'!$I:$I,AH19,'7월'!$T:$T,"??M*")+SUMIFS('7월'!$N:$N,'7월'!$F:$F,"C0000140",'7월'!$I:$I,AH19,'7월'!$T:$T,"??Z*")+SUMIFS('7월'!$N:$N,'7월'!$F:$F,"C0000142",'7월'!$I:$I,AH19) -> 0 | AJ19: =SUMIFS('7월'!$L:$L,'7월'!$F:$F,"C0000004",'7월'!$I:$I,AH19)+SUMIFS('7월'!$L:$L,'7월'!$F:$F,"C0000140",'7월'!$I:$I,AH19,'7월'!$T:$T,"??C*")+SUMIFS('7월'!$L:$L,'7월'!$F:$F,"C0000140",'7월'!$I:$I,AH19,'7월'!$T:$T,"??M*")+SUMIFS('7월'!$L:$L,'7월'!$F:$F,"C0000140",'7월'!$I:$I,AH19,'7월'!$T:$T,"??Z*")+SUMIFS('7월'!$L:$L,'7월'!$F:$F,"C0000142",'7월'!$I:$I,AH19) -> 0 | AK19: =IFERROR((AJ19/AI19)-1,"") | AL19: =AJ19+AJ20 -> 0 | AM19: =IFERROR(DATE($B$7,AM$7,$B19),"") -> 46239 | AN19: =SUMIFS('8월'!$N:$N,'8월'!$F:$F,"C0000004",'8월'!$I:$I,AM19)+SUMIFS('8월'!$N:$N,'8월'!$F:$F,"C0000140",'8월'!$I:$I,AM19,'8월'!$T:$T,"??C*")+SUMIFS('8월'!$N:$N,'8월'!$F:$F,"C0000140",'8월'!$I:$I,AM19,'8월'!$T:$T,"??M*")+SUMIFS('8월'!$N:$N,'8월'!$F:$F,"C0000140",'8월'!$I:$I,AM19,'8월'!$T:$T,"??Z*")+SUMIFS('8월'!$N:$N,'8월'!$F:$F,"C0000142",'8월'!$I:$I,AM19) -> 0 | AO19: =SUMIFS('8월'!$L:$L,'8월'!$F:$F,"C0000004",'8월'!$I:$I,AM19)+SUMIFS('8월'!$L:$L,'8월'!$F:$F,"C0000140",'8월'!$I:$I,AM19,'8월'!$T:$T,"??C*")+SUMIFS('8월'!$L:$L,'8월'!$F:$F,"C0000140",'8월'!$I:$I,AM19,'8월'!$T:$T,"??M*")+SUMIFS('8월'!$L:$L,'8월'!$F:$F,"C0000140",'8월'!$I:$I,AM19,'8월'!$T:$T,"??Z*")+SUMIFS('8월'!$L:$L,'8월'!$F:$F,"C0000142",'8월'!$I:$I,AM19) -> 0 | AP19: =IFERROR((AO19/AN19)-1,"") | AQ19: =AO19+AO20 -> 0 | AR19: =IFERROR(DATE($B$7,AR$7,$B19),"") -> 46270 | AS19: =SUMIFS('9월'!$N:$N,'9월'!$F:$F,"C0000004",'9월'!$I:$I,AR19)+SUMIFS('9월'!$N:$N,'9월'!$F:$F,"C0000140",'9월'!$I:$I,AR19,'9월'!$T:$T,"??C*")+SUMIFS('9월'!$N:$N,'9월'!$F:$F,"C0000140",'9월'!$I:$I,AR19,'9월'!$T:$T,"??M*")+SUMIFS('9월'!$N:$N,'9월'!$F:$F,"C0000140",'9월'!$I:$I,AR19,'9월'!$T:$T,"??Z*")+SUMIFS('9월'!$N:$N,'9월'!$F:$F,"C0000142",'9월'!$I:$I,AR19) -> 0 | AT19: =SUMIFS('9월'!$L:$L,'9월'!$F:$F,"C0000004",'9월'!$I:$I,AR19)+SUMIFS('9월'!$L:$L,'9월'!$F:$F,"C0000140",'9월'!$I:$I,AR19,'9월'!$T:$T,"??C*")+SUMIFS('9월'!$L:$L,'9월'!$F:$F,"C0000140",'9월'!$I:$I,AR19,'9월'!$T:$T,"??M*")+SUMIFS('9월'!$L:$L,'9월'!$F:$F,"C0000140",'9월'!$I:$I,AR19,'9월'!$T:$T,"??Z*")+SUMIFS('9월'!$L:$L,'9월'!$F:$F,"C0000142",'9월'!$I:$I,AR19) -> 0 | AU19: =IFERROR((AT19/AS19)-1,"") | AV19: =AT19+AT20 -> 0 | AW19: =IFERROR(DATE($B$7,AW$7,$B19),"") -> 46300 | AX19: =SUMIFS('10월'!$N:$N,'10월'!$F:$F,"C0000004",'10월'!$I:$I,AW19)+SUMIFS('10월'!$N:$N,'10월'!$F:$F,"C0000140",'10월'!$I:$I,AW19,'10월'!$T:$T,"??C*")+SUMIFS('10월'!$N:$N,'10월'!$F:$F,"C0000140",'10월'!$I:$I,AW19,'10월'!$T:$T,"??M*")+SUMIFS('10월'!$N:$N,'10월'!$F:$F,"C0000140",'10월'!$I:$I,AW19,'10월'!$T:$T,"??Z*")+SUMIFS('10월'!$N:$N,'10월'!$F:$F,"C0000142",'10월'!$I:$I,AW19) -> 0 | AY19: =SUMIFS('10월'!$L:$L,'10월'!$F:$F,"C0000004",'10월'!$I:$I,AW19)+SUMIFS('10월'!$L:$L,'10월'!$F:$F,"C0000140",'10월'!$I:$I,AW19,'10월'!$T:$T,"??C*")+SUMIFS('10월'!$L:$L,'10월'!$F:$F,"C0000140",'10월'!$I:$I,AW19,'10월'!$T:$T,"??M*")+SUMIFS('10월'!$L:$L,'10월'!$F:$F,"C0000140",'10월'!$I:$I,AW19,'10월'!$T:$T,"??Z*")+SUMIFS('10월'!$L:$L,'10월'!$F:$F,"C0000142",'10월'!$I:$I,AW19) -> 0 | AZ19: =IFERROR((AY19/AX19)-1,"") | BA19: =AY19+AY20 -> 0 | BB19: =IFERROR(DATE($B$7,BB$7,$B19),"") -> 46331 | BC19: =SUMIFS('11월'!$N:$N,'11월'!$F:$F,"C0000004",'11월'!$I:$I,BB19)+SUMIFS('11월'!$N:$N,'11월'!$F:$F,"C0000140",'11월'!$I:$I,BB19,'11월'!$T:$T,"??C*")+SUMIFS('11월'!$N:$N,'11월'!$F:$F,"C0000140",'11월'!$I:$I,BB19,'11월'!$T:$T,"??M*")+SUMIFS('11월'!$N:$N,'11월'!$F:$F,"C0000140",'11월'!$I:$I,BB19,'11월'!$T:$T,"??Z*")+SUMIFS('11월'!$N:$N,'11월'!$F:$F,"C0000142",'11월'!$I:$I,BB19) -> 0 | BD19: =SUMIFS('11월'!$L:$L,'11월'!$F:$F,"C0000004",'11월'!$I:$I,BB19)+SUMIFS('11월'!$L:$L,'11월'!$F:$F,"C0000140",'11월'!$I:$I,BB19,'11월'!$T:$T,"??C*")+SUMIFS('11월'!$L:$L,'11월'!$F:$F,"C0000140",'11월'!$I:$I,BB19,'11월'!$T:$T,"??M*")+SUMIFS('11월'!$L:$L,'11월'!$F:$F,"C0000140",'11월'!$I:$I,BB19,'11월'!$T:$T,"??Z*")+SUMIFS('11월'!$L:$L,'11월'!$F:$F,"C0000142",'11월'!$I:$I,BB19) -> 0 | BE19: =IFERROR((BD19/BC19)-1,"") | BF19: =BD19+BD20 -> 0 | BG19: =IFERROR(DATE($B$7,BG$7,$B19),"") -> 46361 | BH19: =SUMIFS('12월'!$N:$N,'12월'!$F:$F,"C0000004",'12월'!$I:$I,BG19)+SUMIFS('12월'!$N:$N,'12월'!$F:$F,"C0000140",'12월'!$I:$I,BG19,'12월'!$T:$T,"??C*")+SUMIFS('12월'!$N:$N,'12월'!$F:$F,"C0000140",'12월'!$I:$I,BG19,'12월'!$T:$T,"??M*")+SUMIFS('12월'!$N:$N,'12월'!$F:$F,"C0000140",'12월'!$I:$I,BG19,'12월'!$T:$T,"??Z*")+SUMIFS('12월'!$N:$N,'12월'!$F:$F,"C0000142",'12월'!$I:$I,BG19) -> 0 | BI19: =SUMIFS('12월'!$L:$L,'12월'!$F:$F,"C0000004",'12월'!$I:$I,BG19)+SUMIFS('12월'!$L:$L,'12월'!$F:$F,"C0000140",'12월'!$I:$I,BG19,'12월'!$T:$T,"??C*")+SUMIFS('12월'!$L:$L,'12월'!$F:$F,"C0000140",'12월'!$I:$I,BG19,'12월'!$T:$T,"??M*")+SUMIFS('12월'!$L:$L,'12월'!$F:$F,"C0000140",'12월'!$I:$I,BG19,'12월'!$T:$T,"??Z*")+SUMIFS('12월'!$L:$L,'12월'!$F:$F,"C0000142",'12월'!$I:$I,BG19) -> 0 | BJ19: =IFERROR((BI19/BH19)-1,"") | BK19: =BI19+BI20 -> 0
C20: L | E20: =SUMIFS('1월'!$N:$N,'1월'!$F:$F,"*L*",'1월'!$I:$I,D19,'1월'!$S:$S,"윤준희") -> 0 | F20: =SUMIFS('1월'!$L:$L,'1월'!$F:$F,"*L*",'1월'!$I:$I,D19,'1월'!$S:$S,"윤준희") -> 0 | G20: =IFERROR((F20/E20)-1,"") | J20: =SUMIFS('2월'!$N:$N,'2월'!$F:$F,"*L*",'2월'!$I:$I,I19,'2월'!$S:$S,"윤준희") -> 0 | K20: =SUMIFS('2월'!$L:$L,'2월'!$F:$F,"*L*",'2월'!$I:$I,I19,'2월'!$S:$S,"윤준희") -> 0 | L20: =IFERROR((K20/J20)-1,"") | O20: =SUMIFS('3월'!$N:$N,'3월'!$F:$F,"*L*",'3월'!$I:$I,N19,'3월'!$S:$S,"윤준희") -> 0 | P20: =SUMIFS('3월'!$L:$L,'3월'!$F:$F,"*L*",'3월'!$I:$I,N19,'3월'!$S:$S,"윤준희") -> 0 | Q20: =IFERROR((P20/O20)-1,"") | T20: =SUMIFS('4월'!$N:$N,'4월'!$F:$F,"*L*",'4월'!$I:$I,S19,'4월'!$S:$S,"윤준희") -> 0 | U20: =SUMIFS('4월'!$L:$L,'4월'!$F:$F,"*L*",'4월'!$I:$I,S19,'4월'!$S:$S,"윤준희") -> 0 | V20: =IFERROR((U20/T20)-1,"") | Y20: =SUMIFS('5월'!$N:$N,'5월'!$F:$F,"*L*",'5월'!$I:$I,X19,'5월'!$S:$S,"윤준희") -> 0 | Z20: =SUMIFS('5월'!$L:$L,'5월'!$F:$F,"*L*",'5월'!$I:$I,X19,'5월'!$S:$S,"윤준희") -> 0 | AA20: =IFERROR((Z20/Y20)-1,"") | AD20: =SUMIFS('6월'!$N:$N,'6월'!$F:$F,"*L*",'6월'!$I:$I,AC19,'6월'!$S:$S,"윤준희") -> 0 | AE20: =SUMIFS('6월'!$L:$L,'6월'!$F:$F,"*L*",'6월'!$I:$I,AC19,'6월'!$S:$S,"윤준희")+SUMIFS('6월'!$L:$L,'6월'!$F:$F,"*L*",'6월'!$I:$I,AC19,'6월'!$S:$S,"윤준희") -> 0 | AF20: =IFERROR((AE20/AD20)-1,"") | AI20: =SUMIFS('7월'!$N:$N,'7월'!$F:$F,"*L*",'7월'!$I:$I,AH19,'7월'!$S:$S,"윤준희") -> 0 | AJ20: =SUMIFS('7월'!$L:$L,'7월'!$F:$F,"*L*",'7월'!$I:$I,AH19,'7월'!$S:$S,"윤준희") -> 0 | AK20: =IFERROR((AJ20/AI20)-1,"") | AN20: =SUMIFS('8월'!$N:$N,'8월'!$F:$F,"*L*",'8월'!$I:$I,AM19,'8월'!$S:$S,"윤준희") -> 0 | AO20: =SUMIFS('8월'!$L:$L,'8월'!$F:$F,"*L*",'8월'!$I:$I,AM19,'8월'!$S:$S,"윤준희") -> 0 | AP20: =IFERROR((AO20/AN20)-1,"") | AS20: =SUMIFS('9월'!$N:$N,'9월'!$F:$F,"*L*",'9월'!$I:$I,AR19,'9월'!$S:$S,"윤준희") -> 0 | AT20: =SUMIFS('9월'!$L:$L,'9월'!$F:$F,"*L*",'9월'!$I:$I,AR19,'9월'!$S:$S,"윤준희") -> 0 | AU20: =IFERROR((AT20/AS20)-1,"") | AX20: =SUMIFS('10월'!$N:$N,'10월'!$F:$F,"*L*",'10월'!$I:$I,AW19,'10월'!$S:$S,"윤준희") -> 0 | AY20: =SUMIFS('10월'!$L:$L,'10월'!$F:$F,"*L*",'10월'!$I:$I,AW19,'10월'!$S:$S,"윤준희") -> 0 | AZ20: =IFERROR((AY20/AX20)-1,"") | BC20: =SUMIFS('11월'!$N:$N,'11월'!$F:$F,"*L*",'11월'!$I:$I,BB19,'11월'!$S:$S,"윤준희") -> 0 | BD20: =SUMIFS('11월'!$L:$L,'11월'!$F:$F,"*L*",'11월'!$I:$I,BB19,'11월'!$S:$S,"윤준희") -> 0 | BE20: =IFERROR((BD20/BC20)-1,"") | BH20: =SUMIFS('12월'!$N:$N,'12월'!$F:$F,"*L*",'12월'!$I:$I,BG19,'12월'!$S:$S,"윤준희") -> 0 | BI20: =SUMIFS('12월'!$L:$L,'12월'!$F:$F,"*L*",'12월'!$I:$I,BG19,'12월'!$S:$S,"윤준희") -> 0 | BJ20: =IFERROR((BI20/BH20)-1,"")
B21: 6 | C21: C | D21: =IFERROR(DATE($B$7,$D$7,B21),"") -> 46028 | E21: =SUMIFS('1월'!$N:$N,'1월'!$F:$F,"C0000004",'1월'!$I:$I,D21)+SUMIFS('1월'!$N:$N,'1월'!$F:$F,"C0000140",'1월'!$I:$I,D21,'1월'!$T:$T,"??C*")+SUMIFS('1월'!$N:$N,'1월'!$F:$F,"C0000140",'1월'!$I:$I,D21,'1월'!$T:$T,"??M*")+SUMIFS('1월'!$N:$N,'1월'!$F:$F,"C0000140",'1월'!$I:$I,D21,'1월'!$T:$T,"??Z*")+SUMIFS('1월'!$N:$N,'1월'!$F:$F,"C0000142",'1월'!$I:$I,D21) -> 0 | F21: =SUMIFS('1월'!$L:$L,'1월'!$F:$F,"C0000004",'1월'!$I:$I,D21)+SUMIFS('1월'!$L:$L,'1월'!$F:$F,"C0000140",'1월'!$I:$I,D21,'1월'!$T:$T,"??C*")+SUMIFS('1월'!$L:$L,'1월'!$F:$F,"C0000140",'1월'!$I:$I,D21,'1월'!$T:$T,"??M*")+SUMIFS('1월'!$L:$L,'1월'!$F:$F,"C0000140",'1월'!$I:$I,D21,'1월'!$T:$T,"??Z*")+SUMIFS('1월'!$L:$L,'1월'!$F:$F,"C0000142",'1월'!$I:$I,D21) -> 0 | G21: =IFERROR((F21/E21)-1,"") | H21: =F21+F22 -> 0 | I21: =IFERROR(DATE($B$7,I$7,$B21),"") -> 46059 | J21: =SUMIFS('2월'!$N:$N,'2월'!$F:$F,"C0000004",'2월'!$I:$I,I21)+SUMIFS('2월'!$N:$N,'2월'!$F:$F,"C0000140",'2월'!$I:$I,I21,'2월'!$T:$T,"??C*")+SUMIFS('2월'!$N:$N,'2월'!$F:$F,"C0000140",'2월'!$I:$I,I21,'2월'!$T:$T,"??M*")+SUMIFS('2월'!$N:$N,'2월'!$F:$F,"C0000140",'2월'!$I:$I,I21,'2월'!$T:$T,"??Z*")+SUMIFS('2월'!$N:$N,'2월'!$F:$F,"C0000142",'2월'!$I:$I,I21) -> 0 | K21: =SUMIFS('2월'!$L:$L,'2월'!$F:$F,"C0000004",'2월'!$I:$I,I21)+SUMIFS('2월'!$L:$L,'2월'!$F:$F,"C0000140",'2월'!$I:$I,I21,'2월'!$T:$T,"??C*")+SUMIFS('2월'!$L:$L,'2월'!$F:$F,"C0000140",'2월'!$I:$I,I21,'2월'!$T:$T,"??M*")+SUMIFS('2월'!$L:$L,'2월'!$F:$F,"C0000140",'2월'!$I:$I,I21,'2월'!$T:$T,"??Z*")+SUMIFS('2월'!$L:$L,'2월'!$F:$F,"C0000142",'2월'!$I:$I,I21) -> 0 | L21: =IFERROR((K21/J21)-1,"") | M21: =K21+K22 -> 0 | N21: =IFERROR(DATE($B$7,N$7,$B21),"") -> 46087 | O21: =SUMIFS('3월'!$N:$N,'3월'!$F:$F,"C0000004",'3월'!$I:$I,N21)+SUMIFS('3월'!$N:$N,'3월'!$F:$F,"C0000140",'3월'!$I:$I,N21,'3월'!$T:$T,"??C*")+SUMIFS('3월'!$N:$N,'3월'!$F:$F,"C0000140",'3월'!$I:$I,N21,'3월'!$T:$T,"??M*")+SUMIFS('3월'!$N:$N,'3월'!$F:$F,"C0000140",'3월'!$I:$I,N21,'3월'!$T:$T,"??Z*")+SUMIFS('3월'!$N:$N,'3월'!$F:$F,"C0000142",'3월'!$I:$I,N21) -> 0 | P21: =SUMIFS('3월'!$L:$L,'3월'!$F:$F,"C0000004",'3월'!$I:$I,N21)+SUMIFS('3월'!$L:$L,'3월'!$F:$F,"C0000140",'3월'!$I:$I,N21,'3월'!$T:$T,"??C*")+SUMIFS('3월'!$L:$L,'3월'!$F:$F,"C0000140",'3월'!$I:$I,N21,'3월'!$T:$T,"??M*")+SUMIFS('3월'!$L:$L,'3월'!$F:$F,"C0000140",'3월'!$I:$I,N21,'3월'!$T:$T,"??Z*")+SUMIFS('3월'!$L:$L,'3월'!$F:$F,"C0000142",'3월'!$I:$I,N21) -> 0 | Q21: =IFERROR((P21/O21)-1,"") | R21: =P21+P22 -> 0 | S21: =IFERROR(DATE($B$7,S$7,$B21),"") -> 46118 | T21: =SUMIFS('4월'!$N:$N,'4월'!$F:$F,"C0000004",'4월'!$I:$I,S21)+SUMIFS('4월'!$N:$N,'4월'!$F:$F,"C0000140",'4월'!$I:$I,S21,'4월'!$T:$T,"??C*")+SUMIFS('4월'!$N:$N,'4월'!$F:$F,"C0000140",'4월'!$I:$I,S21,'4월'!$T:$T,"??M*")+SUMIFS('4월'!$N:$N,'4월'!$F:$F,"C0000140",'4월'!$I:$I,S21,'4월'!$T:$T,"??Z*")+SUMIFS('4월'!$N:$N,'4월'!$F:$F,"C0000142",'4월'!$I:$I,S21) -> 0 | U21: =SUMIFS('4월'!$L:$L,'4월'!$F:$F,"C0000004",'4월'!$I:$I,S21)+SUMIFS('4월'!$L:$L,'4월'!$F:$F,"C0000140",'4월'!$I:$I,S21,'4월'!$T:$T,"??C*")+SUMIFS('4월'!$L:$L,'4월'!$F:$F,"C0000140",'4월'!$I:$I,S21,'4월'!$T:$T,"??M*")+SUMIFS('4월'!$L:$L,'4월'!$F:$F,"C0000140",'4월'!$I:$I,S21,'4월'!$T:$T,"??Z*")+SUMIFS('4월'!$L:$L,'4월'!$F:$F,"C0000142",'4월'!$I:$I,S21) -> 0 | V21: =IFERROR((U21/T21)-1,"") | W21: =U21+U22 -> 0 | X21: =IFERROR(DATE($B$7,X$7,$B21),"") -> 46148 | Y21: =SUMIFS('5월'!$N:$N,'5월'!$F:$F,"C0000004",'5월'!$I:$I,X21)+SUMIFS('5월'!$N:$N,'5월'!$F:$F,"C0000140",'5월'!$I:$I,X21,'5월'!$T:$T,"??C*")+SUMIFS('5월'!$N:$N,'5월'!$F:$F,"C0000140",'5월'!$I:$I,X21,'5월'!$T:$T,"??M*")+SUMIFS('5월'!$N:$N,'5월'!$F:$F,"C0000140",'5월'!$I:$I,X21,'5월'!$T:$T,"??Z*")+SUMIFS('5월'!$N:$N,'5월'!$F:$F,"C0000142",'5월'!$I:$I,X21) -> 0 | Z21: =SUMIFS('5월'!$L:$L,'5월'!$F:$F,"C0000004",'5월'!$I:$I,X21)+SUMIFS('5월'!$L:$L,'5월'!$F:$F,"C0000140",'5월'!$I:$I,X21,'5월'!$T:$T,"??C*")+SUMIFS('5월'!$L:$L,'5월'!$F:$F,"C0000140",'5월'!$I:$I,X21,'5월'!$T:$T,"??M*")+SUMIFS('5월'!$L:$L,'5월'!$F:$F,"C0000140",'5월'!$I:$I,X21,'5월'!$T:$T,"??Z*")+SUMIFS('5월'!$L:$L,'5월'!$F:$F,"C0000142",'5월'!$I:$I,X21) -> 0 | AA21: =IFERROR((Z21/Y21)-1,"") | AB21: =Z21+Z22 -> 0 | AC21: =IFERROR(DATE($B$7,AC$7,$B21),"") -> 46179 | AD21: =SUMIFS('6월'!$N:$N,'6월'!$F:$F,"C0000004",'6월'!$I:$I,AC21)+SUMIFS('6월'!$N:$N,'6월'!$F:$F,"C0000140",'6월'!$I:$I,AC21,'6월'!$T:$T,"??C*")+SUMIFS('6월'!$N:$N,'6월'!$F:$F,"C0000140",'6월'!$I:$I,AC21,'6월'!$T:$T,"??M*")+SUMIFS('6월'!$N:$N,'6월'!$F:$F,"C0000140",'6월'!$I:$I,AC21,'6월'!$T:$T,"??Z*")+SUMIFS('6월'!$N:$N,'6월'!$F:$F,"C0000142",'6월'!$I:$I,AC21) -> 0 | AE21: =SUMIFS('6월'!$L:$L,'6월'!$F:$F,"C0000004",'6월'!$I:$I,AC21)+SUMIFS('6월'!$L:$L,'6월'!$F:$F,"C0000140",'6월'!$I:$I,AC21,'6월'!$T:$T,"??C*")+SUMIFS('6월'!$L:$L,'6월'!$F:$F,"C0000140",'6월'!$I:$I,AC21,'6월'!$T:$T,"??M*")+SUMIFS('6월'!$L:$L,'6월'!$F:$F,"C0000140",'6월'!$I:$I,AC21,'6월'!$T:$T,"??Z*")+SUMIFS('6월'!$L:$L,'6월'!$F:$F,"C0000142",'6월'!$I:$I,AC21) -> 0 | AF21: =IFERROR((AE21/AD21)-1,"") | AG21: =AE21+AE22 -> 0 | AH21: =IFERROR(DATE($B$7,AH$7,$B21),"") -> 46209 | AI21: =SUMIFS('7월'!$N:$N,'7월'!$F:$F,"C0000004",'7월'!$I:$I,AH21)+SUMIFS('7월'!$N:$N,'7월'!$F:$F,"C0000140",'7월'!$I:$I,AH21,'7월'!$T:$T,"??C*")+SUMIFS('7월'!$N:$N,'7월'!$F:$F,"C0000140",'7월'!$I:$I,AH21,'7월'!$T:$T,"??M*")+SUMIFS('7월'!$N:$N,'7월'!$F:$F,"C0000140",'7월'!$I:$I,AH21,'7월'!$T:$T,"??Z*")+SUMIFS('7월'!$N:$N,'7월'!$F:$F,"C0000142",'7월'!$I:$I,AH21) -> 0 | AJ21: =SUMIFS('7월'!$L:$L,'7월'!$F:$F,"C0000004",'7월'!$I:$I,AH21)+SUMIFS('7월'!$L:$L,'7월'!$F:$F,"C0000140",'7월'!$I:$I,AH21,'7월'!$T:$T,"??C*")+SUMIFS('7월'!$L:$L,'7월'!$F:$F,"C0000140",'7월'!$I:$I,AH21,'7월'!$T:$T,"??M*")+SUMIFS('7월'!$L:$L,'7월'!$F:$F,"C0000140",'7월'!$I:$I,AH21,'7월'!$T:$T,"??Z*")+SUMIFS('7월'!$L:$L,'7월'!$F:$F,"C0000142",'7월'!$I:$I,AH21) -> 0 | AK21: =IFERROR((AJ21/AI21)-1,"") | AL21: =AJ21+AJ22 -> 0 | AM21: =IFERROR(DATE($B$7,AM$7,$B21),"") -> 46240 | AN21: =SUMIFS('8월'!$N:$N,'8월'!$F:$F,"C0000004",'8월'!$I:$I,AM21)+SUMIFS('8월'!$N:$N,'8월'!$F:$F,"C0000140",'8월'!$I:$I,AM21,'8월'!$T:$T,"??C*")+SUMIFS('8월'!$N:$N,'8월'!$F:$F,"C0000140",'8월'!$I:$I,AM21,'8월'!$T:$T,"??M*")+SUMIFS('8월'!$N:$N,'8월'!$F:$F,"C0000140",'8월'!$I:$I,AM21,'8월'!$T:$T,"??Z*")+SUMIFS('8월'!$N:$N,'8월'!$F:$F,"C0000142",'8월'!$I:$I,AM21) -> 0 | AO21: =SUMIFS('8월'!$L:$L,'8월'!$F:$F,"C0000004",'8월'!$I:$I,AM21)+SUMIFS('8월'!$L:$L,'8월'!$F:$F,"C0000140",'8월'!$I:$I,AM21,'8월'!$T:$T,"??C*")+SUMIFS('8월'!$L:$L,'8월'!$F:$F,"C0000140",'8월'!$I:$I,AM21,'8월'!$T:$T,"??M*")+SUMIFS('8월'!$L:$L,'8월'!$F:$F,"C0000140",'8월'!$I:$I,AM21,'8월'!$T:$T,"??Z*")+SUMIFS('8월'!$L:$L,'8월'!$F:$F,"C0000142",'8월'!$I:$I,AM21) -> 0 | AP21: =IFERROR((AO21/AN21)-1,"") | AQ21: =AO21+AO22 -> 0 | AR21: =IFERROR(DATE($B$7,AR$7,$B21),"") -> 46271 | AS21: =SUMIFS('9월'!$N:$N,'9월'!$F:$F,"C0000004",'9월'!$I:$I,AR21)+SUMIFS('9월'!$N:$N,'9월'!$F:$F,"C0000140",'9월'!$I:$I,AR21,'9월'!$T:$T,"??C*")+SUMIFS('9월'!$N:$N,'9월'!$F:$F,"C0000140",'9월'!$I:$I,AR21,'9월'!$T:$T,"??M*")+SUMIFS('9월'!$N:$N,'9월'!$F:$F,"C0000140",'9월'!$I:$I,AR21,'9월'!$T:$T,"??Z*")+SUMIFS('9월'!$N:$N,'9월'!$F:$F,"C0000142",'9월'!$I:$I,AR21) -> 0 | AT21: =SUMIFS('9월'!$L:$L,'9월'!$F:$F,"C0000004",'9월'!$I:$I,AR21)+SUMIFS('9월'!$L:$L,'9월'!$F:$F,"C0000140",'9월'!$I:$I,AR21,'9월'!$T:$T,"??C*")+SUMIFS('9월'!$L:$L,'9월'!$F:$F,"C0000140",'9월'!$I:$I,AR21,'9월'!$T:$T,"??M*")+SUMIFS('9월'!$L:$L,'9월'!$F:$F,"C0000140",'9월'!$I:$I,AR21,'9월'!$T:$T,"??Z*")+SUMIFS('9월'!$L:$L,'9월'!$F:$F,"C0000142",'9월'!$I:$I,AR21) -> 0 | AU21: =IFERROR((AT21/AS21)-1,"") | AV21: =AT21+AT22 -> 0 | AW21: =IFERROR(DATE($B$7,AW$7,$B21),"") -> 46301 | AX21: =SUMIFS('10월'!$N:$N,'10월'!$F:$F,"C0000004",'10월'!$I:$I,AW21)+SUMIFS('10월'!$N:$N,'10월'!$F:$F,"C0000140",'10월'!$I:$I,AW21,'10월'!$T:$T,"??C*")+SUMIFS('10월'!$N:$N,'10월'!$F:$F,"C0000140",'10월'!$I:$I,AW21,'10월'!$T:$T,"??M*")+SUMIFS('10월'!$N:$N,'10월'!$F:$F,"C0000140",'10월'!$I:$I,AW21,'10월'!$T:$T,"??Z*")+SUMIFS('10월'!$N:$N,'10월'!$F:$F,"C0000142",'10월'!$I:$I,AW21) -> 0 | AY21: =SUMIFS('10월'!$L:$L,'10월'!$F:$F,"C0000004",'10월'!$I:$I,AW21)+SUMIFS('10월'!$L:$L,'10월'!$F:$F,"C0000140",'10월'!$I:$I,AW21,'10월'!$T:$T,"??C*")+SUMIFS('10월'!$L:$L,'10월'!$F:$F,"C0000140",'10월'!$I:$I,AW21,'10월'!$T:$T,"??M*")+SUMIFS('10월'!$L:$L,'10월'!$F:$F,"C0000140",'10월'!$I:$I,AW21,'10월'!$T:$T,"??Z*")+SUMIFS('10월'!$L:$L,'10월'!$F:$F,"C0000142",'10월'!$I:$I,AW21) -> 0 | AZ21: =IFERROR((AY21/AX21)-1,"") | BA21: =AY21+AY22 -> 0 | BB21: =IFERROR(DATE($B$7,BB$7,$B21),"") -> 46332 | BC21: =SUMIFS('11월'!$N:$N,'11월'!$F:$F,"C0000004",'11월'!$I:$I,BB21)+SUMIFS('11월'!$N:$N,'11월'!$F:$F,"C0000140",'11월'!$I:$I,BB21,'11월'!$T:$T,"??C*")+SUMIFS('11월'!$N:$N,'11월'!$F:$F,"C0000140",'11월'!$I:$I,BB21,'11월'!$T:$T,"??M*")+SUMIFS('11월'!$N:$N,'11월'!$F:$F,"C0000140",'11월'!$I:$I,BB21,'11월'!$T:$T,"??Z*")+SUMIFS('11월'!$N:$N,'11월'!$F:$F,"C0000142",'11월'!$I:$I,BB21) -> 0 | BD21: =SUMIFS('11월'!$L:$L,'11월'!$F:$F,"C0000004",'11월'!$I:$I,BB21)+SUMIFS('11월'!$L:$L,'11월'!$F:$F,"C0000140",'11월'!$I:$I,BB21,'11월'!$T:$T,"??C*")+SUMIFS('11월'!$L:$L,'11월'!$F:$F,"C0000140",'11월'!$I:$I,BB21,'11월'!$T:$T,"??M*")+SUMIFS('11월'!$L:$L,'11월'!$F:$F,"C0000140",'11월'!$I:$I,BB21,'11월'!$T:$T,"??Z*")+SUMIFS('11월'!$L:$L,'11월'!$F:$F,"C0000142",'11월'!$I:$I,BB21) -> 0 | BE21: =IFERROR((BD21/BC21)-1,"") | BF21: =BD21+BD22 -> 0 | BG21: =IFERROR(DATE($B$7,BG$7,$B21),"") -> 46362 | BH21: =SUMIFS('12월'!$N:$N,'12월'!$F:$F,"C0000004",'12월'!$I:$I,BG21)+SUMIFS('12월'!$N:$N,'12월'!$F:$F,"C0000140",'12월'!$I:$I,BG21,'12월'!$T:$T,"??C*")+SUMIFS('12월'!$N:$N,'12월'!$F:$F,"C0000140",'12월'!$I:$I,BG21,'12월'!$T:$T,"??M*")+SUMIFS('12월'!$N:$N,'12월'!$F:$F,"C0000140",'12월'!$I:$I,BG21,'12월'!$T:$T,"??Z*")+SUMIFS('12월'!$N:$N,'12월'!$F:$F,"C0000142",'12월'!$I:$I,BG21) -> 0 | BI21: =SUMIFS('12월'!$L:$L,'12월'!$F:$F,"C0000004",'12월'!$I:$I,BG21)+SUMIFS('12월'!$L:$L,'12월'!$F:$F,"C0000140",'12월'!$I:$I,BG21,'12월'!$T:$T,"??C*")+SUMIFS('12월'!$L:$L,'12월'!$F:$F,"C0000140",'12월'!$I:$I,BG21,'12월'!$T:$T,"??M*")+SUMIFS('12월'!$L:$L,'12월'!$F:$F,"C0000140",'12월'!$I:$I,BG21,'12월'!$T:$T,"??Z*")+SUMIFS('12월'!$L:$L,'12월'!$F:$F,"C0000142",'12월'!$I:$I,BG21) -> 0 | BJ21: =IFERROR((BI21/BH21)-1,"") | BK21: =BI21+BI22 -> 0
C22: L | E22: =SUMIFS('1월'!$N:$N,'1월'!$F:$F,"*L*",'1월'!$I:$I,D21,'1월'!$S:$S,"윤준희") -> 0 | F22: =SUMIFS('1월'!$L:$L,'1월'!$F:$F,"*L*",'1월'!$I:$I,D21,'1월'!$S:$S,"윤준희") -> 0 | G22: =IFERROR((F22/E22)-1,"") | J22: =SUMIFS('2월'!$N:$N,'2월'!$F:$F,"*L*",'2월'!$I:$I,I21,'2월'!$S:$S,"윤준희") -> 0 | K22: =SUMIFS('2월'!$L:$L,'2월'!$F:$F,"*L*",'2월'!$I:$I,I21,'2월'!$S:$S,"윤준희") -> 0 | L22: =IFERROR((K22/J22)-1,"") | O22: =SUMIFS('3월'!$N:$N,'3월'!$F:$F,"*L*",'3월'!$I:$I,N21,'3월'!$S:$S,"윤준희") -> 0 | P22: =SUMIFS('3월'!$L:$L,'3월'!$F:$F,"*L*",'3월'!$I:$I,N21,'3월'!$S:$S,"윤준희") -> 0 | Q22: =IFERROR((P22/O22)-1,"") | T22: =SUMIFS('4월'!$N:$N,'4월'!$F:$F,"*L*",'4월'!$I:$I,S21,'4월'!$S:$S,"윤준희") -> 0 | U22: =SUMIFS('4월'!$L:$L,'4월'!$F:$F,"*L*",'4월'!$I:$I,S21,'4월'!$S:$S,"윤준희") -> 0 | V22: =IFERROR((U22/T22)-1,"") | Y22: =SUMIFS('5월'!$N:$N,'5월'!$F:$F,"*L*",'5월'!$I:$I,X21,'5월'!$S:$S,"윤준희") -> 0 | Z22: =SUMIFS('5월'!$L:$L,'5월'!$F:$F,"*L*",'5월'!$I:$I,X21,'5월'!$S:$S,"윤준희") -> 0 | AA22: =IFERROR((Z22/Y22)-1,"") | AD22: =SUMIFS('6월'!$N:$N,'6월'!$F:$F,"*L*",'6월'!$I:$I,AC21,'6월'!$S:$S,"윤준희") -> 0 | AE22: =SUMIFS('6월'!$L:$L,'6월'!$F:$F,"*L*",'6월'!$I:$I,AC21,'6월'!$S:$S,"윤준희")+SUMIFS('6월'!$L:$L,'6월'!$F:$F,"*L*",'6월'!$I:$I,AC21,'6월'!$S:$S,"윤준희") -> 0 | AF22: =IFERROR((AE22/AD22)-1,"") | AI22: =SUMIFS('7월'!$N:$N,'7월'!$F:$F,"*L*",'7월'!$I:$I,AH21,'7월'!$S:$S,"윤준희") -> 0 | AJ22: =SUMIFS('7월'!$L:$L,'7월'!$F:$F,"*L*",'7월'!$I:$I,AH21,'7월'!$S:$S,"윤준희") -> 0 | AK22: =IFERROR((AJ22/AI22)-1,"") | AN22: =SUMIFS('8월'!$N:$N,'8월'!$F:$F,"*L*",'8월'!$I:$I,AM21,'8월'!$S:$S,"윤준희") -> 0 | AO22: =SUMIFS('8월'!$L:$L,'8월'!$F:$F,"*L*",'8월'!$I:$I,AM21,'8월'!$S:$S,"윤준희") -> 0 | AP22: =IFERROR((AO22/AN22)-1,"") | AS22: =SUMIFS('9월'!$N:$N,'9월'!$F:$F,"*L*",'9월'!$I:$I,AR21,'9월'!$S:$S,"윤준희") -> 0 | AT22: =SUMIFS('9월'!$L:$L,'9월'!$F:$F,"*L*",'9월'!$I:$I,AR21,'9월'!$S:$S,"윤준희") -> 0 | AU22: =IFERROR((AT22/AS22)-1,"") | AX22: =SUMIFS('10월'!$N:$N,'10월'!$F:$F,"*L*",'10월'!$I:$I,AW21,'10월'!$S:$S,"윤준희") -> 0 | AY22: =SUMIFS('10월'!$L:$L,'10월'!$F:$F,"*L*",'10월'!$I:$I,AW21,'10월'!$S:$S,"윤준희") -> 0 | AZ22: =IFERROR((AY22/AX22)-1,"") | BC22: =SUMIFS('11월'!$N:$N,'11월'!$F:$F,"*L*",'11월'!$I:$I,BB21,'11월'!$S:$S,"윤준희") -> 0 | BD22: =SUMIFS('11월'!$L:$L,'11월'!$F:$F,"*L*",'11월'!$I:$I,BB21,'11월'!$S:$S,"윤준희") -> 0 | BE22: =IFERROR((BD22/BC22)-1,"") | BH22: =SUMIFS('12월'!$N:$N,'12월'!$F:$F,"*L*",'12월'!$I:$I,BG21,'12월'!$S:$S,"윤준희") -> 0 | BI22: =SUMIFS('12월'!$L:$L,'12월'!$F:$F,"*L*",'12월'!$I:$I,BG21,'12월'!$S:$S,"윤준희") -> 0 | BJ22: =IFERROR((BI22/BH22)-1,"")
B23: 7 | C23: C | D23: =IFERROR(DATE($B$7,$D$7,B23),"") -> 46029 | E23: =SUMIFS('1월'!$N:$N,'1월'!$F:$F,"C0000004",'1월'!$I:$I,D23)+SUMIFS('1월'!$N:$N,'1월'!$F:$F,"C0000140",'1월'!$I:$I,D23,'1월'!$T:$T,"??C*")+SUMIFS('1월'!$N:$N,'1월'!$F:$F,"C0000140",'1월'!$I:$I,D23,'1월'!$T:$T,"??M*")+SUMIFS('1월'!$N:$N,'1월'!$F:$F,"C0000140",'1월'!$I:$I,D23,'1월'!$T:$T,"??Z*")+SUMIFS('1월'!$N:$N,'1월'!$F:$F,"C0000142",'1월'!$I:$I,D23) -> 0 | F23: =SUMIFS('1월'!$L:$L,'1월'!$F:$F,"C0000004",'1월'!$I:$I,D23)+SUMIFS('1월'!$L:$L,'1월'!$F:$F,"C0000140",'1월'!$I:$I,D23,'1월'!$T:$T,"??C*")+SUMIFS('1월'!$L:$L,'1월'!$F:$F,"C0000140",'1월'!$I:$I,D23,'1월'!$T:$T,"??M*")+SUMIFS('1월'!$L:$L,'1월'!$F:$F,"C0000140",'1월'!$I:$I,D23,'1월'!$T:$T,"??Z*")+SUMIFS('1월'!$L:$L,'1월'!$F:$F,"C0000142",'1월'!$I:$I,D23) -> 0 | G23: =IFERROR((F23/E23)-1,"") | H23: =F23+F24 -> 0 | I23: =IFERROR(DATE($B$7,I$7,$B23),"") -> 46060 | J23: =SUMIFS('2월'!$N:$N,'2월'!$F:$F,"C0000004",'2월'!$I:$I,I23)+SUMIFS('2월'!$N:$N,'2월'!$F:$F,"C0000140",'2월'!$I:$I,I23,'2월'!$T:$T,"??C*")+SUMIFS('2월'!$N:$N,'2월'!$F:$F,"C0000140",'2월'!$I:$I,I23,'2월'!$T:$T,"??M*")+SUMIFS('2월'!$N:$N,'2월'!$F:$F,"C0000140",'2월'!$I:$I,I23,'2월'!$T:$T,"??Z*")+SUMIFS('2월'!$N:$N,'2월'!$F:$F,"C0000142",'2월'!$I:$I,I23) -> 0 | K23: =SUMIFS('2월'!$L:$L,'2월'!$F:$F,"C0000004",'2월'!$I:$I,I23)+SUMIFS('2월'!$L:$L,'2월'!$F:$F,"C0000140",'2월'!$I:$I,I23,'2월'!$T:$T,"??C*")+SUMIFS('2월'!$L:$L,'2월'!$F:$F,"C0000140",'2월'!$I:$I,I23,'2월'!$T:$T,"??M*")+SUMIFS('2월'!$L:$L,'2월'!$F:$F,"C0000140",'2월'!$I:$I,I23,'2월'!$T:$T,"??Z*")+SUMIFS('2월'!$L:$L,'2월'!$F:$F,"C0000142",'2월'!$I:$I,I23) -> 0 | L23: =IFERROR((K23/J23)-1,"") | M23: =K23+K24 -> 0 | N23: =IFERROR(DATE($B$7,N$7,$B23),"") -> 46088 | O23: =SUMIFS('3월'!$N:$N,'3월'!$F:$F,"C0000004",'3월'!$I:$I,N23)+SUMIFS('3월'!$N:$N,'3월'!$F:$F,"C0000140",'3월'!$I:$I,N23,'3월'!$T:$T,"??C*")+SUMIFS('3월'!$N:$N,'3월'!$F:$F,"C0000140",'3월'!$I:$I,N23,'3월'!$T:$T,"??M*")+SUMIFS('3월'!$N:$N,'3월'!$F:$F,"C0000140",'3월'!$I:$I,N23,'3월'!$T:$T,"??Z*")+SUMIFS('3월'!$N:$N,'3월'!$F:$F,"C0000142",'3월'!$I:$I,N23) -> 0 | P23: =SUMIFS('3월'!$L:$L,'3월'!$F:$F,"C0000004",'3월'!$I:$I,N23)+SUMIFS('3월'!$L:$L,'3월'!$F:$F,"C0000140",'3월'!$I:$I,N23,'3월'!$T:$T,"??C*")+SUMIFS('3월'!$L:$L,'3월'!$F:$F,"C0000140",'3월'!$I:$I,N23,'3월'!$T:$T,"??M*")+SUMIFS('3월'!$L:$L,'3월'!$F:$F,"C0000140",'3월'!$I:$I,N23,'3월'!$T:$T,"??Z*")+SUMIFS('3월'!$L:$L,'3월'!$F:$F,"C0000142",'3월'!$I:$I,N23) -> 0 | Q23: =IFERROR((P23/O23)-1,"") | R23: =P23+P24 -> 0 | S23: =IFERROR(DATE($B$7,S$7,$B23),"") -> 46119 | T23: =SUMIFS('4월'!$N:$N,'4월'!$F:$F,"C0000004",'4월'!$I:$I,S23)+SUMIFS('4월'!$N:$N,'4월'!$F:$F,"C0000140",'4월'!$I:$I,S23,'4월'!$T:$T,"??C*")+SUMIFS('4월'!$N:$N,'4월'!$F:$F,"C0000140",'4월'!$I:$I,S23,'4월'!$T:$T,"??M*")+SUMIFS('4월'!$N:$N,'4월'!$F:$F,"C0000140",'4월'!$I:$I,S23,'4월'!$T:$T,"??Z*")+SUMIFS('4월'!$N:$N,'4월'!$F:$F,"C0000142",'4월'!$I:$I,S23) -> 0 | U23: =SUMIFS('4월'!$L:$L,'4월'!$F:$F,"C0000004",'4월'!$I:$I,S23)+SUMIFS('4월'!$L:$L,'4월'!$F:$F,"C0000140",'4월'!$I:$I,S23,'4월'!$T:$T,"??C*")+SUMIFS('4월'!$L:$L,'4월'!$F:$F,"C0000140",'4월'!$I:$I,S23,'4월'!$T:$T,"??M*")+SUMIFS('4월'!$L:$L,'4월'!$F:$F,"C0000140",'4월'!$I:$I,S23,'4월'!$T:$T,"??Z*")+SUMIFS('4월'!$L:$L,'4월'!$F:$F,"C0000142",'4월'!$I:$I,S23) -> 0 | V23: =IFERROR((U23/T23)-1,"") | W23: =U23+U24 -> 0 | X23: =IFERROR(DATE($B$7,X$7,$B23),"") -> 46149 | Y23: =SUMIFS('5월'!$N:$N,'5월'!$F:$F,"C0000004",'5월'!$I:$I,X23)+SUMIFS('5월'!$N:$N,'5월'!$F:$F,"C0000140",'5월'!$I:$I,X23,'5월'!$T:$T,"??C*")+SUMIFS('5월'!$N:$N,'5월'!$F:$F,"C0000140",'5월'!$I:$I,X23,'5월'!$T:$T,"??M*")+SUMIFS('5월'!$N:$N,'5월'!$F:$F,"C0000140",'5월'!$I:$I,X23,'5월'!$T:$T,"??Z*")+SUMIFS('5월'!$N:$N,'5월'!$F:$F,"C0000142",'5월'!$I:$I,X23) -> 0 | Z23: =SUMIFS('5월'!$L:$L,'5월'!$F:$F,"C0000004",'5월'!$I:$I,X23)+SUMIFS('5월'!$L:$L,'5월'!$F:$F,"C0000140",'5월'!$I:$I,X23,'5월'!$T:$T,"??C*")+SUMIFS('5월'!$L:$L,'5월'!$F:$F,"C0000140",'5월'!$I:$I,X23,'5월'!$T:$T,"??M*")+SUMIFS('5월'!$L:$L,'5월'!$F:$F,"C0000140",'5월'!$I:$I,X23,'5월'!$T:$T,"??Z*")+SUMIFS('5월'!$L:$L,'5월'!$F:$F,"C0000142",'5월'!$I:$I,X23) -> 0 | AA23: =IFERROR((Z23/Y23)-1,"") | AB23: =Z23+Z24 -> 0 | AC23: =IFERROR(DATE($B$7,AC$7,$B23),"") -> 46180 | AD23: =SUMIFS('6월'!$N:$N,'6월'!$F:$F,"C0000004",'6월'!$I:$I,AC23)+SUMIFS('6월'!$N:$N,'6월'!$F:$F,"C0000140",'6월'!$I:$I,AC23,'6월'!$T:$T,"??C*")+SUMIFS('6월'!$N:$N,'6월'!$F:$F,"C0000140",'6월'!$I:$I,AC23,'6월'!$T:$T,"??M*")+SUMIFS('6월'!$N:$N,'6월'!$F:$F,"C0000140",'6월'!$I:$I,AC23,'6월'!$T:$T,"??Z*")+SUMIFS('6월'!$N:$N,'6월'!$F:$F,"C0000142",'6월'!$I:$I,AC23) -> 0 | AE23: =SUMIFS('6월'!$L:$L,'6월'!$F:$F,"C0000004",'6월'!$I:$I,AC23)+SUMIFS('6월'!$L:$L,'6월'!$F:$F,"C0000140",'6월'!$I:$I,AC23,'6월'!$T:$T,"??C*")+SUMIFS('6월'!$L:$L,'6월'!$F:$F,"C0000140",'6월'!$I:$I,AC23,'6월'!$T:$T,"??M*")+SUMIFS('6월'!$L:$L,'6월'!$F:$F,"C0000140",'6월'!$I:$I,AC23,'6월'!$T:$T,"??Z*")+SUMIFS('6월'!$L:$L,'6월'!$F:$F,"C0000142",'6월'!$I:$I,AC23) -> 0 | AF23: =IFERROR((AE23/AD23)-1,"") | AG23: =AE23+AE24 -> 0 | AH23: =IFERROR(DATE($B$7,AH$7,$B23),"") -> 46210 | AI23: =SUMIFS('7월'!$N:$N,'7월'!$F:$F,"C0000004",'7월'!$I:$I,AH23)+SUMIFS('7월'!$N:$N,'7월'!$F:$F,"C0000140",'7월'!$I:$I,AH23,'7월'!$T:$T,"??C*")+SUMIFS('7월'!$N:$N,'7월'!$F:$F,"C0000140",'7월'!$I:$I,AH23,'7월'!$T:$T,"??M*")+SUMIFS('7월'!$N:$N,'7월'!$F:$F,"C0000140",'7월'!$I:$I,AH23,'7월'!$T:$T,"??Z*")+SUMIFS('7월'!$N:$N,'7월'!$F:$F,"C0000142",'7월'!$I:$I,AH23) -> 0 | AJ23: =SUMIFS('7월'!$L:$L,'7월'!$F:$F,"C0000004",'7월'!$I:$I,AH23)+SUMIFS('7월'!$L:$L,'7월'!$F:$F,"C0000140",'7월'!$I:$I,AH23,'7월'!$T:$T,"??C*")+SUMIFS('7월'!$L:$L,'7월'!$F:$F,"C0000140",'7월'!$I:$I,AH23,'7월'!$T:$T,"??M*")+SUMIFS('7월'!$L:$L,'7월'!$F:$F,"C0000140",'7월'!$I:$I,AH23,'7월'!$T:$T,"??Z*")+SUMIFS('7월'!$L:$L,'7월'!$F:$F,"C0000142",'7월'!$I:$I,AH23) -> 0 | AK23: =IFERROR((AJ23/AI23)-1,"") | AL23: =AJ23+AJ24 -> 0 | AM23: =IFERROR(DATE($B$7,AM$7,$B23),"") -> 46241 | AN23: =SUMIFS('8월'!$N:$N,'8월'!$F:$F,"C0000004",'8월'!$I:$I,AM23)+SUMIFS('8월'!$N:$N,'8월'!$F:$F,"C0000140",'8월'!$I:$I,AM23,'8월'!$T:$T,"??C*")+SUMIFS('8월'!$N:$N,'8월'!$F:$F,"C0000140",'8월'!$I:$I,AM23,'8월'!$T:$T,"??M*")+SUMIFS('8월'!$N:$N,'8월'!$F:$F,"C0000140",'8월'!$I:$I,AM23,'8월'!$T:$T,"??Z*")+SUMIFS('8월'!$N:$N,'8월'!$F:$F,"C0000142",'8월'!$I:$I,AM23) -> 0 | AO23: =SUMIFS('8월'!$L:$L,'8월'!$F:$F,"C0000004",'8월'!$I:$I,AM23)+SUMIFS('8월'!$L:$L,'8월'!$F:$F,"C0000140",'8월'!$I:$I,AM23,'8월'!$T:$T,"??C*")+SUMIFS('8월'!$L:$L,'8월'!$F:$F,"C0000140",'8월'!$I:$I,AM23,'8월'!$T:$T,"??M*")+SUMIFS('8월'!$L:$L,'8월'!$F:$F,"C0000140",'8월'!$I:$I,AM23,'8월'!$T:$T,"??Z*")+SUMIFS('8월'!$L:$L,'8월'!$F:$F,"C0000142",'8월'!$I:$I,AM23) -> 0 | AP23: =IFERROR((AO23/AN23)-1,"") | AQ23: =AO23+AO24 -> 0 | AR23: =IFERROR(DATE($B$7,AR$7,$B23),"") -> 46272 | AS23: =SUMIFS('9월'!$N:$N,'9월'!$F:$F,"C0000004",'9월'!$I:$I,AR23)+SUMIFS('9월'!$N:$N,'9월'!$F:$F,"C0000140",'9월'!$I:$I,AR23,'9월'!$T:$T,"??C*")+SUMIFS('9월'!$N:$N,'9월'!$F:$F,"C0000140",'9월'!$I:$I,AR23,'9월'!$T:$T,"??M*")+SUMIFS('9월'!$N:$N,'9월'!$F:$F,"C0000140",'9월'!$I:$I,AR23,'9월'!$T:$T,"??Z*")+SUMIFS('9월'!$N:$N,'9월'!$F:$F,"C0000142",'9월'!$I:$I,AR23) -> 73500 | AT23: =SUMIFS('9월'!$L:$L,'9월'!$F:$F,"C0000004",'9월'!$I:$I,AR23)+SUMIFS('9월'!$L:$L,'9월'!$F:$F,"C0000140",'9월'!$I:$I,AR23,'9월'!$T:$T,"??C*")+SUMIFS('9월'!$L:$L,'9월'!$F:$F,"C0000140",'9월'!$I:$I,AR23,'9월'!$T:$T,"??M*")+SUMIFS('9월'!$L:$L,'9월'!$F:$F,"C0000140",'9월'!$I:$I,AR23,'9월'!$T:$T,"??Z*")+SUMIFS('9월'!$L:$L,'9월'!$F:$F,"C0000142",'9월'!$I:$I,AR23) -> 89700 | AU23: =IFERROR((AT23/AS23)-1,"") -> 0.22040816 | AV23: =AT23+AT24 -> 89700 | AW23: =IFERROR(DATE($B$7,AW$7,$B23),"") -> 46302 | AX23: =SUMIFS('10월'!$N:$N,'10월'!$F:$F,"C0000004",'10월'!$I:$I,AW23)+SUMIFS('10월'!$N:$N,'10월'!$F:$F,"C0000140",'10월'!$I:$I,AW23,'10월'!$T:$T,"??C*")+SUMIFS('10월'!$N:$N,'10월'!$F:$F,"C0000140",'10월'!$I:$I,AW23,'10월'!$T:$T,"??M*")+SUMIFS('10월'!$N:$N,'10월'!$F:$F,"C0000140",'10월'!$I:$I,AW23,'10월'!$T:$T,"??Z*")+SUMIFS('10월'!$N:$N,'10월'!$F:$F,"C0000142",'10월'!$I:$I,AW23) -> 0 | AY23: =SUMIFS('10월'!$L:$L,'10월'!$F:$F,"C0000004",'10월'!$I:$I,AW23)+SUMIFS('10월'!$L:$L,'10월'!$F:$F,"C0000140",'10월'!$I:$I,AW23,'10월'!$T:$T,"??C*")+SUMIFS('10월'!$L:$L,'10월'!$F:$F,"C0000140",'10월'!$I:$I,AW23,'10월'!$T:$T,"??M*")+SUMIFS('10월'!$L:$L,'10월'!$F:$F,"C0000140",'10월'!$I:$I,AW23,'10월'!$T:$T,"??Z*")+SUMIFS('10월'!$L:$L,'10월'!$F:$F,"C0000142",'10월'!$I:$I,AW23) -> 0 | AZ23: =IFERROR((AY23/AX23)-1,"") | BA23: =AY23+AY24 -> 0 | BB23: =IFERROR(DATE($B$7,BB$7,$B23),"") -> 46333 | BC23: =SUMIFS('11월'!$N:$N,'11월'!$F:$F,"C0000004",'11월'!$I:$I,BB23)+SUMIFS('11월'!$N:$N,'11월'!$F:$F,"C0000140",'11월'!$I:$I,BB23,'11월'!$T:$T,"??C*")+SUMIFS('11월'!$N:$N,'11월'!$F:$F,"C0000140",'11월'!$I:$I,BB23,'11월'!$T:$T,"??M*")+SUMIFS('11월'!$N:$N,'11월'!$F:$F,"C0000140",'11월'!$I:$I,BB23,'11월'!$T:$T,"??Z*")+SUMIFS('11월'!$N:$N,'11월'!$F:$F,"C0000142",'11월'!$I:$I,BB23) -> 0 | BD23: =SUMIFS('11월'!$L:$L,'11월'!$F:$F,"C0000004",'11월'!$I:$I,BB23)+SUMIFS('11월'!$L:$L,'11월'!$F:$F,"C0000140",'11월'!$I:$I,BB23,'11월'!$T:$T,"??C*")+SUMIFS('11월'!$L:$L,'11월'!$F:$F,"C0000140",'11월'!$I:$I,BB23,'11월'!$T:$T,"??M*")+SUMIFS('11월'!$L:$L,'11월'!$F:$F,"C0000140",'11월'!$I:$I,BB23,'11월'!$T:$T,"??Z*")+SUMIFS('11월'!$L:$L,'11월'!$F:$F,"C0000142",'11월'!$I:$I,BB23) -> 0 | BE23: =IFERROR((BD23/BC23)-1,"") | BF23: =BD23+BD24 -> 0 | BG23: =IFERROR(DATE($B$7,BG$7,$B23),"") -> 46363 | BH23: =SUMIFS('12월'!$N:$N,'12월'!$F:$F,"C0000004",'12월'!$I:$I,BG23)+SUMIFS('12월'!$N:$N,'12월'!$F:$F,"C0000140",'12월'!$I:$I,BG23,'12월'!$T:$T,"??C*")+SUMIFS('12월'!$N:$N,'12월'!$F:$F,"C0000140",'12월'!$I:$I,BG23,'12월'!$T:$T,"??M*")+SUMIFS('12월'!$N:$N,'12월'!$F:$F,"C0000140",'12월'!$I:$I,BG23,'12월'!$T:$T,"??Z*")+SUMIFS('12월'!$N:$N,'12월'!$F:$F,"C0000142",'12월'!$I:$I,BG23) -> 0 | BI23: =SUMIFS('12월'!$L:$L,'12월'!$F:$F,"C0000004",'12월'!$I:$I,BG23)+SUMIFS('12월'!$L:$L,'12월'!$F:$F,"C0000140",'12월'!$I:$I,BG23,'12월'!$T:$T,"??C*")+SUMIFS('12월'!$L:$L,'12월'!$F:$F,"C0000140",'12월'!$I:$I,BG23,'12월'!$T:$T,"??M*")+SUMIFS('12월'!$L:$L,'12월'!$F:$F,"C0000140",'12월'!$I:$I,BG23,'12월'!$T:$T,"??Z*")+SUMIFS('12월'!$L:$L,'12월'!$F:$F,"C0000142",'12월'!$I:$I,BG23) -> 0 | BJ23: =IFERROR((BI23/BH23)-1,"") | BK23: =BI23+BI24 -> 0
C24: L | E24: =SUMIFS('1월'!$N:$N,'1월'!$F:$F,"*L*",'1월'!$I:$I,D23,'1월'!$S:$S,"윤준희") -> 0 | F24: =SUMIFS('1월'!$L:$L,'1월'!$F:$F,"*L*",'1월'!$I:$I,D23,'1월'!$S:$S,"윤준희") -> 0 | G24: =IFERROR((F24/E24)-1,"") | J24: =SUMIFS('2월'!$N:$N,'2월'!$F:$F,"*L*",'2월'!$I:$I,I23,'2월'!$S:$S,"윤준희") -> 0 | K24: =SUMIFS('2월'!$L:$L,'2월'!$F:$F,"*L*",'2월'!$I:$I,I23,'2월'!$S:$S,"윤준희") -> 0 | L24: =IFERROR((K24/J24)-1,"") | O24: =SUMIFS('3월'!$N:$N,'3월'!$F:$F,"*L*",'3월'!$I:$I,N23,'3월'!$S:$S,"윤준희") -> 0 | P24: =SUMIFS('3월'!$L:$L,'3월'!$F:$F,"*L*",'3월'!$I:$I,N23,'3월'!$S:$S,"윤준희") -> 0 | Q24: =IFERROR((P24/O24)-1,"") | T24: =SUMIFS('4월'!$N:$N,'4월'!$F:$F,"*L*",'4월'!$I:$I,S23,'4월'!$S:$S,"윤준희") -> 0 | U24: =SUMIFS('4월'!$L:$L,'4월'!$F:$F,"*L*",'4월'!$I:$I,S23,'4월'!$S:$S,"윤준희") -> 0 | V24: =IFERROR((U24/T24)-1,"") | Y24: =SUMIFS('5월'!$N:$N,'5월'!$F:$F,"*L*",'5월'!$I:$I,X23,'5월'!$S:$S,"윤준희") -> 0 | Z24: =SUMIFS('5월'!$L:$L,'5월'!$F:$F,"*L*",'5월'!$I:$I,X23,'5월'!$S:$S,"윤준희") -> 0 | AA24: =IFERROR((Z24/Y24)-1,"") | AD24: =SUMIFS('6월'!$N:$N,'6월'!$F:$F,"*L*",'6월'!$I:$I,AC23,'6월'!$S:$S,"윤준희") -> 0 | AE24: =SUMIFS('6월'!$L:$L,'6월'!$F:$F,"*L*",'6월'!$I:$I,AC23,'6월'!$S:$S,"윤준희")+SUMIFS('6월'!$L:$L,'6월'!$F:$F,"*L*",'6월'!$I:$I,AC23,'6월'!$S:$S,"윤준희") -> 0 | AF24: =IFERROR((AE24/AD24)-1,"") | AI24: =SUMIFS('7월'!$N:$N,'7월'!$F:$F,"*L*",'7월'!$I:$I,AH23,'7월'!$S:$S,"윤준희") -> 0 | AJ24: =SUMIFS('7월'!$L:$L,'7월'!$F:$F,"*L*",'7월'!$I:$I,AH23,'7월'!$S:$S,"윤준희") -> 0 | AK24: =IFERROR((AJ24/AI24)-1,"") | AN24: =SUMIFS('8월'!$N:$N,'8월'!$F:$F,"*L*",'8월'!$I:$I,AM23,'8월'!$S:$S,"윤준희") -> 0 | AO24: =SUMIFS('8월'!$L:$L,'8월'!$F:$F,"*L*",'8월'!$I:$I,AM23,'8월'!$S:$S,"윤준희") -> 0 | AP24: =IFERROR((AO24/AN24)-1,"") | AS24: =SUMIFS('9월'!$N:$N,'9월'!$F:$F,"*L*",'9월'!$I:$I,AR23,'9월'!$S:$S,"윤준희") -> 0 | AT24: =SUMIFS('9월'!$L:$L,'9월'!$F:$F,"*L*",'9월'!$I:$I,AR23,'9월'!$S:$S,"윤준희") -> 0 | AU24: =IFERROR((AT24/AS24)-1,"") | AX24: =SUMIFS('10월'!$N:$N,'10월'!$F:$F,"*L*",'10월'!$I:$I,AW23,'10월'!$S:$S,"윤준희") -> 0 | AY24: =SUMIFS('10월'!$L:$L,'10월'!$F:$F,"*L*",'10월'!$I:$I,AW23,'10월'!$S:$S,"윤준희") -> 0 | AZ24: =IFERROR((AY24/AX24)-1,"") | BC24: =SUMIFS('11월'!$N:$N,'11월'!$F:$F,"*L*",'11월'!$I:$I,BB23,'11월'!$S:$S,"윤준희") -> 0 | BD24: =SUMIFS('11월'!$L:$L,'11월'!$F:$F,"*L*",'11월'!$I:$I,BB23,'11월'!$S:$S,"윤준희") -> 0 | BE24: =IFERROR((BD24/BC24)-1,"") | BH24: =SUMIFS('12월'!$N:$N,'12월'!$F:$F,"*L*",'12월'!$I:$I,BG23,'12월'!$S:$S,"윤준희") -> 0 | BI24: =SUMIFS('12월'!$L:$L,'12월'!$F:$F,"*L*",'12월'!$I:$I,BG23,'12월'!$S:$S,"윤준희") -> 0 | BJ24: =IFERROR((BI24/BH24)-1,"")
B25: 8 | C25: C | D25: =IFERROR(DATE($B$7,$D$7,B25),"") -> 46030 | E25: =SUMIFS('1월'!$N:$N,'1월'!$F:$F,"C0000004",'1월'!$I:$I,D25)+SUMIFS('1월'!$N:$N,'1월'!$F:$F,"C0000140",'1월'!$I:$I,D25,'1월'!$T:$T,"??C*")+SUMIFS('1월'!$N:$N,'1월'!$F:$F,"C0000140",'1월'!$I:$I,D25,'1월'!$T:$T,"??M*")+SUMIFS('1월'!$N:$N,'1월'!$F:$F,"C0000140",'1월'!$I:$I,D25,'1월'!$T:$T,"??Z*")+SUMIFS('1월'!$N:$N,'1월'!$F:$F,"C0000142",'1월'!$I:$I,D25) -> 0 | F25: =SUMIFS('1월'!$L:$L,'1월'!$F:$F,"C0000004",'1월'!$I:$I,D25)+SUMIFS('1월'!$L:$L,'1월'!$F:$F,"C0000140",'1월'!$I:$I,D25,'1월'!$T:$T,"??C*")+SUMIFS('1월'!$L:$L,'1월'!$F:$F,"C0000140",'1월'!$I:$I,D25,'1월'!$T:$T,"??M*")+SUMIFS('1월'!$L:$L,'1월'!$F:$F,"C0000140",'1월'!$I:$I,D25,'1월'!$T:$T,"??Z*")+SUMIFS('1월'!$L:$L,'1월'!$F:$F,"C0000142",'1월'!$I:$I,D25) -> 0 | G25: =IFERROR((F25/E25)-1,"") | H25: =F25+F26 -> 0 | I25: =IFERROR(DATE($B$7,I$7,$B25),"") -> 46061 | J25: =SUMIFS('2월'!$N:$N,'2월'!$F:$F,"C0000004",'2월'!$I:$I,I25)+SUMIFS('2월'!$N:$N,'2월'!$F:$F,"C0000140",'2월'!$I:$I,I25,'2월'!$T:$T,"??C*")+SUMIFS('2월'!$N:$N,'2월'!$F:$F,"C0000140",'2월'!$I:$I,I25,'2월'!$T:$T,"??M*")+SUMIFS('2월'!$N:$N,'2월'!$F:$F,"C0000140",'2월'!$I:$I,I25,'2월'!$T:$T,"??Z*")+SUMIFS('2월'!$N:$N,'2월'!$F:$F,"C0000142",'2월'!$I:$I,I25) -> 0 | K25: =SUMIFS('2월'!$L:$L,'2월'!$F:$F,"C0000004",'2월'!$I:$I,I25)+SUMIFS('2월'!$L:$L,'2월'!$F:$F,"C0000140",'2월'!$I:$I,I25,'2월'!$T:$T,"??C*")+SUMIFS('2월'!$L:$L,'2월'!$F:$F,"C0000140",'2월'!$I:$I,I25,'2월'!$T:$T,"??M*")+SUMIFS('2월'!$L:$L,'2월'!$F:$F,"C0000140",'2월'!$I:$I,I25,'2월'!$T:$T,"??Z*")+SUMIFS('2월'!$L:$L,'2월'!$F:$F,"C0000142",'2월'!$I:$I,I25) -> 0 | L25: =IFERROR((K25/J25)-1,"") | M25: =K25+K26 -> 0 | N25: =IFERROR(DATE($B$7,N$7,$B25),"") -> 46089 | O25: =SUMIFS('3월'!$N:$N,'3월'!$F:$F,"C0000004",'3월'!$I:$I,N25)+SUMIFS('3월'!$N:$N,'3월'!$F:$F,"C0000140",'3월'!$I:$I,N25,'3월'!$T:$T,"??C*")+SUMIFS('3월'!$N:$N,'3월'!$F:$F,"C0000140",'3월'!$I:$I,N25,'3월'!$T:$T,"??M*")+SUMIFS('3월'!$N:$N,'3월'!$F:$F,"C0000140",'3월'!$I:$I,N25,'3월'!$T:$T,"??Z*")+SUMIFS('3월'!$N:$N,'3월'!$F:$F,"C0000142",'3월'!$I:$I,N25) -> 0 | P25: =SUMIFS('3월'!$L:$L,'3월'!$F:$F,"C0000004",'3월'!$I:$I,N25)+SUMIFS('3월'!$L:$L,'3월'!$F:$F,"C0000140",'3월'!$I:$I,N25,'3월'!$T:$T,"??C*")+SUMIFS('3월'!$L:$L,'3월'!$F:$F,"C0000140",'3월'!$I:$I,N25,'3월'!$T:$T,"??M*")+SUMIFS('3월'!$L:$L,'3월'!$F:$F,"C0000140",'3월'!$I:$I,N25,'3월'!$T:$T,"??Z*")+SUMIFS('3월'!$L:$L,'3월'!$F:$F,"C0000142",'3월'!$I:$I,N25) -> 0 | Q25: =IFERROR((P25/O25)-1,"") | R25: =P25+P26 -> 0 | S25: =IFERROR(DATE($B$7,S$7,$B25),"") -> 46120 | T25: =SUMIFS('4월'!$N:$N,'4월'!$F:$F,"C0000004",'4월'!$I:$I,S25)+SUMIFS('4월'!$N:$N,'4월'!$F:$F,"C0000140",'4월'!$I:$I,S25,'4월'!$T:$T,"??C*")+SUMIFS('4월'!$N:$N,'4월'!$F:$F,"C0000140",'4월'!$I:$I,S25,'4월'!$T:$T,"??M*")+SUMIFS('4월'!$N:$N,'4월'!$F:$F,"C0000140",'4월'!$I:$I,S25,'4월'!$T:$T,"??Z*")+SUMIFS('4월'!$N:$N,'4월'!$F:$F,"C0000142",'4월'!$I:$I,S25) -> 0 | U25: =SUMIFS('4월'!$L:$L,'4월'!$F:$F,"C0000004",'4월'!$I:$I,S25)+SUMIFS('4월'!$L:$L,'4월'!$F:$F,"C0000140",'4월'!$I:$I,S25,'4월'!$T:$T,"??C*")+SUMIFS('4월'!$L:$L,'4월'!$F:$F,"C0000140",'4월'!$I:$I,S25,'4월'!$T:$T,"??M*")+SUMIFS('4월'!$L:$L,'4월'!$F:$F,"C0000140",'4월'!$I:$I,S25,'4월'!$T:$T,"??Z*")+SUMIFS('4월'!$L:$L,'4월'!$F:$F,"C0000142",'4월'!$I:$I,S25) -> 0 | V25: =IFERROR((U25/T25)-1,"") | W25: =U25+U26 -> 0 | X25: =IFERROR(DATE($B$7,X$7,$B25),"") -> 46150 | Y25: =SUMIFS('5월'!$N:$N,'5월'!$F:$F,"C0000004",'5월'!$I:$I,X25)+SUMIFS('5월'!$N:$N,'5월'!$F:$F,"C0000140",'5월'!$I:$I,X25,'5월'!$T:$T,"??C*")+SUMIFS('5월'!$N:$N,'5월'!$F:$F,"C0000140",'5월'!$I:$I,X25,'5월'!$T:$T,"??M*")+SUMIFS('5월'!$N:$N,'5월'!$F:$F,"C0000140",'5월'!$I:$I,X25,'5월'!$T:$T,"??Z*")+SUMIFS('5월'!$N:$N,'5월'!$F:$F,"C0000142",'5월'!$I:$I,X25) -> 0 | Z25: =SUMIFS('5월'!$L:$L,'5월'!$F:$F,"C0000004",'5월'!$I:$I,X25)+SUMIFS('5월'!$L:$L,'5월'!$F:$F,"C0000140",'5월'!$I:$I,X25,'5월'!$T:$T,"??C*")+SUMIFS('5월'!$L:$L,'5월'!$F:$F,"C0000140",'5월'!$I:$I,X25,'5월'!$T:$T,"??M*")+SUMIFS('5월'!$L:$L,'5월'!$F:$F,"C0000140",'5월'!$I:$I,X25,'5월'!$T:$T,"??Z*")+SUMIFS('5월'!$L:$L,'5월'!$F:$F,"C0000142",'5월'!$I:$I,X25) -> 0 | AA25: =IFERROR((Z25/Y25)-1,"") | AB25: =Z25+Z26 -> 0 | AC25: =IFERROR(DATE($B$7,AC$7,$B25),"") -> 46181 | AD25: =SUMIFS('6월'!$N:$N,'6월'!$F:$F,"C0000004",'6월'!$I:$I,AC25)+SUMIFS('6월'!$N:$N,'6월'!$F:$F,"C0000140",'6월'!$I:$I,AC25,'6월'!$T:$T,"??C*")+SUMIFS('6월'!$N:$N,'6월'!$F:$F,"C0000140",'6월'!$I:$I,AC25,'6월'!$T:$T,"??M*")+SUMIFS('6월'!$N:$N,'6월'!$F:$F,"C0000140",'6월'!$I:$I,AC25,'6월'!$T:$T,"??Z*")+SUMIFS('6월'!$N:$N,'6월'!$F:$F,"C0000142",'6월'!$I:$I,AC25) -> 0 | AE25: =SUMIFS('6월'!$L:$L,'6월'!$F:$F,"C0000004",'6월'!$I:$I,AC25)+SUMIFS('6월'!$L:$L,'6월'!$F:$F,"C0000140",'6월'!$I:$I,AC25,'6월'!$T:$T,"??C*")+SUMIFS('6월'!$L:$L,'6월'!$F:$F,"C0000140",'6월'!$I:$I,AC25,'6월'!$T:$T,"??M*")+SUMIFS('6월'!$L:$L,'6월'!$F:$F,"C0000140",'6월'!$I:$I,AC25,'6월'!$T:$T,"??Z*")+SUMIFS('6월'!$L:$L,'6월'!$F:$F,"C0000142",'6월'!$I:$I,AC25) -> 0 | AF25: =IFERROR((AE25/AD25)-1,"") | AG25: =AE25+AE26 -> 0 | AH25: =IFERROR(DATE($B$7,AH$7,$B25),"") -> 46211 | AI25: =SUMIFS('7월'!$N:$N,'7월'!$F:$F,"C0000004",'7월'!$I:$I,AH25)+SUMIFS('7월'!$N:$N,'7월'!$F:$F,"C0000140",'7월'!$I:$I,AH25,'7월'!$T:$T,"??C*")+SUMIFS('7월'!$N:$N,'7월'!$F:$F,"C0000140",'7월'!$I:$I,AH25,'7월'!$T:$T,"??M*")+SUMIFS('7월'!$N:$N,'7월'!$F:$F,"C0000140",'7월'!$I:$I,AH25,'7월'!$T:$T,"??Z*")+SUMIFS('7월'!$N:$N,'7월'!$F:$F,"C0000142",'7월'!$I:$I,AH25) -> 0 | AJ25: =SUMIFS('7월'!$L:$L,'7월'!$F:$F,"C0000004",'7월'!$I:$I,AH25)+SUMIFS('7월'!$L:$L,'7월'!$F:$F,"C0000140",'7월'!$I:$I,AH25,'7월'!$T:$T,"??C*")+SUMIFS('7월'!$L:$L,'7월'!$F:$F,"C0000140",'7월'!$I:$I,AH25,'7월'!$T:$T,"??M*")+SUMIFS('7월'!$L:$L,'7월'!$F:$F,"C0000140",'7월'!$I:$I,AH25,'7월'!$T:$T,"??Z*")+SUMIFS('7월'!$L:$L,'7월'!$F:$F,"C0000142",'7월'!$I:$I,AH25) -> 0 | AK25: =IFERROR((AJ25/AI25)-1,"") | AL25: =AJ25+AJ26 -> 0 | AM25: =IFERROR(DATE($B$7,AM$7,$B25),"") -> 46242 | AN25: =SUMIFS('8월'!$N:$N,'8월'!$F:$F,"C0000004",'8월'!$I:$I,AM25)+SUMIFS('8월'!$N:$N,'8월'!$F:$F,"C0000140",'8월'!$I:$I,AM25,'8월'!$T:$T,"??C*")+SUMIFS('8월'!$N:$N,'8월'!$F:$F,"C0000140",'8월'!$I:$I,AM25,'8월'!$T:$T,"??M*")+SUMIFS('8월'!$N:$N,'8월'!$F:$F,"C0000140",'8월'!$I:$I,AM25,'8월'!$T:$T,"??Z*")+SUMIFS('8월'!$N:$N,'8월'!$F:$F,"C0000142",'8월'!$I:$I,AM25) -> 0 | AO25: =SUMIFS('8월'!$L:$L,'8월'!$F:$F,"C0000004",'8월'!$I:$I,AM25)+SUMIFS('8월'!$L:$L,'8월'!$F:$F,"C0000140",'8월'!$I:$I,AM25,'8월'!$T:$T,"??C*")+SUMIFS('8월'!$L:$L,'8월'!$F:$F,"C0000140",'8월'!$I:$I,AM25,'8월'!$T:$T,"??M*")+SUMIFS('8월'!$L:$L,'8월'!$F:$F,"C0000140",'8월'!$I:$I,AM25,'8월'!$T:$T,"??Z*")+SUMIFS('8월'!$L:$L,'8월'!$F:$F,"C0000142",'8월'!$I:$I,AM25) -> 0 | AP25: =IFERROR((AO25/AN25)-1,"") | AQ25: =AO25+AO26 -> 0 | AR25: =IFERROR(DATE($B$7,AR$7,$B25),"") -> 46273 | AS25: =SUMIFS('9월'!$N:$N,'9월'!$F:$F,"C0000004",'9월'!$I:$I,AR25)+SUMIFS('9월'!$N:$N,'9월'!$F:$F,"C0000140",'9월'!$I:$I,AR25,'9월'!$T:$T,"??C*")+SUMIFS('9월'!$N:$N,'9월'!$F:$F,"C0000140",'9월'!$I:$I,AR25,'9월'!$T:$T,"??M*")+SUMIFS('9월'!$N:$N,'9월'!$F:$F,"C0000140",'9월'!$I:$I,AR25,'9월'!$T:$T,"??Z*")+SUMIFS('9월'!$N:$N,'9월'!$F:$F,"C0000142",'9월'!$I:$I,AR25) -> 0 | AT25: =SUMIFS('9월'!$L:$L,'9월'!$F:$F,"C0000004",'9월'!$I:$I,AR25)+SUMIFS('9월'!$L:$L,'9월'!$F:$F,"C0000140",'9월'!$I:$I,AR25,'9월'!$T:$T,"??C*")+SUMIFS('9월'!$L:$L,'9월'!$F:$F,"C0000140",'9월'!$I:$I,AR25,'9월'!$T:$T,"??M*")+SUMIFS('9월'!$L:$L,'9월'!$F:$F,"C0000140",'9월'!$I:$I,AR25,'9월'!$T:$T,"??Z*")+SUMIFS('9월'!$L:$L,'9월'!$F:$F,"C0000142",'9월'!$I:$I,AR25) -> 0 | AU25: =IFERROR((AT25/AS25)-1,"") | AV25: =AT25+AT26 -> 0 | AW25: =IFERROR(DATE($B$7,AW$7,$B25),"") -> 46303 | AX25: =SUMIFS('10월'!$N:$N,'10월'!$F:$F,"C0000004",'10월'!$I:$I,AW25)+SUMIFS('10월'!$N:$N,'10월'!$F:$F,"C0000140",'10월'!$I:$I,AW25,'10월'!$T:$T,"??C*")+SUMIFS('10월'!$N:$N,'10월'!$F:$F,"C0000140",'10월'!$I:$I,AW25,'10월'!$T:$T,"??M*")+SUMIFS('10월'!$N:$N,'10월'!$F:$F,"C0000140",'10월'!$I:$I,AW25,'10월'!$T:$T,"??Z*")+SUMIFS('10월'!$N:$N,'10월'!$F:$F,"C0000142",'10월'!$I:$I,AW25) -> 0 | AY25: =SUMIFS('10월'!$L:$L,'10월'!$F:$F,"C0000004",'10월'!$I:$I,AW25)+SUMIFS('10월'!$L:$L,'10월'!$F:$F,"C0000140",'10월'!$I:$I,AW25,'10월'!$T:$T,"??C*")+SUMIFS('10월'!$L:$L,'10월'!$F:$F,"C0000140",'10월'!$I:$I,AW25,'10월'!$T:$T,"??M*")+SUMIFS('10월'!$L:$L,'10월'!$F:$F,"C0000140",'10월'!$I:$I,AW25,'10월'!$T:$T,"??Z*")+SUMIFS('10월'!$L:$L,'10월'!$F:$F,"C0000142",'10월'!$I:$I,AW25) -> 0 | AZ25: =IFERROR((AY25/AX25)-1,"") | BA25: =AY25+AY26 -> 0 | BB25: =IFERROR(DATE($B$7,BB$7,$B25),"") -> 46334 | BC25: =SUMIFS('11월'!$N:$N,'11월'!$F:$F,"C0000004",'11월'!$I:$I,BB25)+SUMIFS('11월'!$N:$N,'11월'!$F:$F,"C0000140",'11월'!$I:$I,BB25,'11월'!$T:$T,"??C*")+SUMIFS('11월'!$N:$N,'11월'!$F:$F,"C0000140",'11월'!$I:$I,BB25,'11월'!$T:$T,"??M*")+SUMIFS('11월'!$N:$N,'11월'!$F:$F,"C0000140",'11월'!$I:$I,BB25,'11월'!$T:$T,"??Z*")+SUMIFS('11월'!$N:$N,'11월'!$F:$F,"C0000142",'11월'!$I:$I,BB25) -> 0 | BD25: =SUMIFS('11월'!$L:$L,'11월'!$F:$F,"C0000004",'11월'!$I:$I,BB25)+SUMIFS('11월'!$L:$L,'11월'!$F:$F,"C0000140",'11월'!$I:$I,BB25,'11월'!$T:$T,"??C*")+SUMIFS('11월'!$L:$L,'11월'!$F:$F,"C0000140",'11월'!$I:$I,BB25,'11월'!$T:$T,"??M*")+SUMIFS('11월'!$L:$L,'11월'!$F:$F,"C0000140",'11월'!$I:$I,BB25,'11월'!$T:$T,"??Z*")+SUMIFS('11월'!$L:$L,'11월'!$F:$F,"C0000142",'11월'!$I:$I,BB25) -> 0 | BE25: =IFERROR((BD25/BC25)-1,"") | BF25: =BD25+BD26 -> 0 | BG25: =IFERROR(DATE($B$7,BG$7,$B25),"") -> 46364 | BH25: =SUMIFS('12월'!$N:$N,'12월'!$F:$F,"C0000004",'12월'!$I:$I,BG25)+SUMIFS('12월'!$N:$N,'12월'!$F:$F,"C0000140",'12월'!$I:$I,BG25,'12월'!$T:$T,"??C*")+SUMIFS('12월'!$N:$N,'12월'!$F:$F,"C0000140",'12월'!$I:$I,BG25,'12월'!$T:$T,"??M*")+SUMIFS('12월'!$N:$N,'12월'!$F:$F,"C0000140",'12월'!$I:$I,BG25,'12월'!$T:$T,"??Z*")+SUMIFS('12월'!$N:$N,'12월'!$F:$F,"C0000142",'12월'!$I:$I,BG25) -> 0 | BI25: =SUMIFS('12월'!$L:$L,'12월'!$F:$F,"C0000004",'12월'!$I:$I,BG25)+SUMIFS('12월'!$L:$L,'12월'!$F:$F,"C0000140",'12월'!$I:$I,BG25,'12월'!$T:$T,"??C*")+SUMIFS('12월'!$L:$L,'12월'!$F:$F,"C0000140",'12월'!$I:$I,BG25,'12월'!$T:$T,"??M*")+SUMIFS('12월'!$L:$L,'12월'!$F:$F,"C0000140",'12월'!$I:$I,BG25,'12월'!$T:$T,"??Z*")+SUMIFS('12월'!$L:$L,'12월'!$F:$F,"C0000142",'12월'!$I:$I,BG25) -> 0 | BJ25: =IFERROR((BI25/BH25)-1,"") | BK25: =BI25+BI26 -> 0
C26: L | E26: =SUMIFS('1월'!$N:$N,'1월'!$F:$F,"*L*",'1월'!$I:$I,D25,'1월'!$S:$S,"윤준희") -> 0 | F26: =SUMIFS('1월'!$L:$L,'1월'!$F:$F,"*L*",'1월'!$I:$I,D25,'1월'!$S:$S,"윤준희") -> 0 | G26: =IFERROR((F26/E26)-1,"") | J26: =SUMIFS('2월'!$N:$N,'2월'!$F:$F,"*L*",'2월'!$I:$I,I25,'2월'!$S:$S,"윤준희") -> 0 | K26: =SUMIFS('2월'!$L:$L,'2월'!$F:$F,"*L*",'2월'!$I:$I,I25,'2월'!$S:$S,"윤준희") -> 0 | L26: =IFERROR((K26/J26)-1,"") | O26: =SUMIFS('3월'!$N:$N,'3월'!$F:$F,"*L*",'3월'!$I:$I,N25,'3월'!$S:$S,"윤준희") -> 0 | P26: =SUMIFS('3월'!$L:$L,'3월'!$F:$F,"*L*",'3월'!$I:$I,N25,'3월'!$S:$S,"윤준희") -> 0 | Q26: =IFERROR((P26/O26)-1,"") | T26: =SUMIFS('4월'!$N:$N,'4월'!$F:$F,"*L*",'4월'!$I:$I,S25,'4월'!$S:$S,"윤준희") -> 0 | U26: =SUMIFS('4월'!$L:$L,'4월'!$F:$F,"*L*",'4월'!$I:$I,S25,'4월'!$S:$S,"윤준희") -> 0 | V26: =IFERROR((U26/T26)-1,"") | Y26: =SUMIFS('5월'!$N:$N,'5월'!$F:$F,"*L*",'5월'!$I:$I,X25,'5월'!$S:$S,"윤준희") -> 0 | Z26: =SUMIFS('5월'!$L:$L,'5월'!$F:$F,"*L*",'5월'!$I:$I,X25,'5월'!$S:$S,"윤준희") -> 0 | AA26: =IFERROR((Z26/Y26)-1,"") | AD26: =SUMIFS('6월'!$N:$N,'6월'!$F:$F,"*L*",'6월'!$I:$I,AC25,'6월'!$S:$S,"윤준희") -> 0 | AE26: =SUMIFS('6월'!$L:$L,'6월'!$F:$F,"*L*",'6월'!$I:$I,AC25,'6월'!$S:$S,"윤준희") -> 0 | AF26: =IFERROR((AE26/AD26)-1,"") | AI26: =SUMIFS('7월'!$N:$N,'7월'!$F:$F,"*L*",'7월'!$I:$I,AH25,'7월'!$S:$S,"윤준희") -> 0 | AJ26: =SUMIFS('7월'!$L:$L,'7월'!$F:$F,"*L*",'7월'!$I:$I,AH25,'7월'!$S:$S,"윤준희") -> 0 | AK26: =IFERROR((AJ26/AI26)-1,"") | AN26: =SUMIFS('8월'!$N:$N,'8월'!$F:$F,"*L*",'8월'!$I:$I,AM25,'8월'!$S:$S,"윤준희") -> 0 | AO26: =SUMIFS('8월'!$L:$L,'8월'!$F:$F,"*L*",'8월'!$I:$I,AM25,'8월'!$S:$S,"윤준희") -> 0 | AP26: =IFERROR((AO26/AN26)-1,"") | AS26: =SUMIFS('9월'!$N:$N,'9월'!$F:$F,"*L*",'9월'!$I:$I,AR25,'9월'!$S:$S,"윤준희") -> 0 | AT26: =SUMIFS('9월'!$L:$L,'9월'!$F:$F,"*L*",'9월'!$I:$I,AR25,'9월'!$S:$S,"윤준희") -> 0 | AU26: =IFERROR((AT26/AS26)-1,"") | AX26: =SUMIFS('10월'!$N:$N,'10월'!$F:$F,"*L*",'10월'!$I:$I,AW25,'10월'!$S:$S,"윤준희") -> 0 | AY26: =SUMIFS('10월'!$L:$L,'10월'!$F:$F,"*L*",'10월'!$I:$I,AW25,'10월'!$S:$S,"윤준희") -> 0 | AZ26: =IFERROR((AY26/AX26)-1,"") | BC26: =SUMIFS('11월'!$N:$N,'11월'!$F:$F,"*L*",'11월'!$I:$I,BB25,'11월'!$S:$S,"윤준희") -> 0 | BD26: =SUMIFS('11월'!$L:$L,'11월'!$F:$F,"*L*",'11월'!$I:$I,BB25,'11월'!$S:$S,"윤준희") -> 0 | BE26: =IFERROR((BD26/BC26)-1,"") | BH26: =SUMIFS('12월'!$N:$N,'12월'!$F:$F,"*L*",'12월'!$I:$I,BG25,'12월'!$S:$S,"윤준희") -> 0 | BI26: =SUMIFS('12월'!$L:$L,'12월'!$F:$F,"*L*",'12월'!$I:$I,BG25,'12월'!$S:$S,"윤준희") -> 0 | BJ26: =IFERROR((BI26/BH26)-1,"")
B27: 9 | C27: C | D27: =IFERROR(DATE($B$7,$D$7,B27),"") -> 46031 | E27: =SUMIFS('1월'!$N:$N,'1월'!$F:$F,"C0000004",'1월'!$I:$I,D27)+SUMIFS('1월'!$N:$N,'1월'!$F:$F,"C0000140",'1월'!$I:$I,D27,'1월'!$T:$T,"??C*")+SUMIFS('1월'!$N:$N,'1월'!$F:$F,"C0000140",'1월'!$I:$I,D27,'1월'!$T:$T,"??M*")+SUMIFS('1월'!$N:$N,'1월'!$F:$F,"C0000140",'1월'!$I:$I,D27,'1월'!$T:$T,"??Z*")+SUMIFS('1월'!$N:$N,'1월'!$F:$F,"C0000142",'1월'!$I:$I,D27) -> 0 | F27: =SUMIFS('1월'!$L:$L,'1월'!$F:$F,"C0000004",'1월'!$I:$I,D27)+SUMIFS('1월'!$L:$L,'1월'!$F:$F,"C0000140",'1월'!$I:$I,D27,'1월'!$T:$T,"??C*")+SUMIFS('1월'!$L:$L,'1월'!$F:$F,"C0000140",'1월'!$I:$I,D27,'1월'!$T:$T,"??M*")+SUMIFS('1월'!$L:$L,'1월'!$F:$F,"C0000140",'1월'!$I:$I,D27,'1월'!$T:$T,"??Z*")+SUMIFS('1월'!$L:$L,'1월'!$F:$F,"C0000142",'1월'!$I:$I,D27) -> 0 | G27: =IFERROR((F27/E27)-1,"") | H27: =F27+F28 -> 0 | I27: =IFERROR(DATE($B$7,I$7,$B27),"") -> 46062 | J27: =SUMIFS('2월'!$N:$N,'2월'!$F:$F,"C0000004",'2월'!$I:$I,I27)+SUMIFS('2월'!$N:$N,'2월'!$F:$F,"C0000140",'2월'!$I:$I,I27,'2월'!$T:$T,"??C*")+SUMIFS('2월'!$N:$N,'2월'!$F:$F,"C0000140",'2월'!$I:$I,I27,'2월'!$T:$T,"??M*")+SUMIFS('2월'!$N:$N,'2월'!$F:$F,"C0000140",'2월'!$I:$I,I27,'2월'!$T:$T,"??Z*")+SUMIFS('2월'!$N:$N,'2월'!$F:$F,"C0000142",'2월'!$I:$I,I27) -> 0 | K27: =SUMIFS('2월'!$L:$L,'2월'!$F:$F,"C0000004",'2월'!$I:$I,I27)+SUMIFS('2월'!$L:$L,'2월'!$F:$F,"C0000140",'2월'!$I:$I,I27,'2월'!$T:$T,"??C*")+SUMIFS('2월'!$L:$L,'2월'!$F:$F,"C0000140",'2월'!$I:$I,I27,'2월'!$T:$T,"??M*")+SUMIFS('2월'!$L:$L,'2월'!$F:$F,"C0000140",'2월'!$I:$I,I27,'2월'!$T:$T,"??Z*")+SUMIFS('2월'!$L:$L,'2월'!$F:$F,"C0000142",'2월'!$I:$I,I27) -> 0 | L27: =IFERROR((K27/J27)-1,"") | M27: =K27+K28 -> 0 | N27: =IFERROR(DATE($B$7,N$7,$B27),"") -> 46090 | O27: =SUMIFS('3월'!$N:$N,'3월'!$F:$F,"C0000004",'3월'!$I:$I,N27)+SUMIFS('3월'!$N:$N,'3월'!$F:$F,"C0000140",'3월'!$I:$I,N27,'3월'!$T:$T,"??C*")+SUMIFS('3월'!$N:$N,'3월'!$F:$F,"C0000140",'3월'!$I:$I,N27,'3월'!$T:$T,"??M*")+SUMIFS('3월'!$N:$N,'3월'!$F:$F,"C0000140",'3월'!$I:$I,N27,'3월'!$T:$T,"??Z*")+SUMIFS('3월'!$N:$N,'3월'!$F:$F,"C0000142",'3월'!$I:$I,N27) -> 0 | P27: =SUMIFS('3월'!$L:$L,'3월'!$F:$F,"C0000004",'3월'!$I:$I,N27)+SUMIFS('3월'!$L:$L,'3월'!$F:$F,"C0000140",'3월'!$I:$I,N27,'3월'!$T:$T,"??C*")+SUMIFS('3월'!$L:$L,'3월'!$F:$F,"C0000140",'3월'!$I:$I,N27,'3월'!$T:$T,"??M*")+SUMIFS('3월'!$L:$L,'3월'!$F:$F,"C0000140",'3월'!$I:$I,N27,'3월'!$T:$T,"??Z*")+SUMIFS('3월'!$L:$L,'3월'!$F:$F,"C0000142",'3월'!$I:$I,N27) -> 0 | Q27: =IFERROR((P27/O27)-1,"") | R27: =P27+P28 -> 0 | S27: =IFERROR(DATE($B$7,S$7,$B27),"") -> 46121 | T27: =SUMIFS('4월'!$N:$N,'4월'!$F:$F,"C0000004",'4월'!$I:$I,S27)+SUMIFS('4월'!$N:$N,'4월'!$F:$F,"C0000140",'4월'!$I:$I,S27,'4월'!$T:$T,"??C*")+SUMIFS('4월'!$N:$N,'4월'!$F:$F,"C0000140",'4월'!$I:$I,S27,'4월'!$T:$T,"??M*")+SUMIFS('4월'!$N:$N,'4월'!$F:$F,"C0000140",'4월'!$I:$I,S27,'4월'!$T:$T,"??Z*")+SUMIFS('4월'!$N:$N,'4월'!$F:$F,"C0000142",'4월'!$I:$I,S27) -> 0 | U27: =SUMIFS('4월'!$L:$L,'4월'!$F:$F,"C0000004",'4월'!$I:$I,S27)+SUMIFS('4월'!$L:$L,'4월'!$F:$F,"C0000140",'4월'!$I:$I,S27,'4월'!$T:$T,"??C*")+SUMIFS('4월'!$L:$L,'4월'!$F:$F,"C0000140",'4월'!$I:$I,S27,'4월'!$T:$T,"??M*")+SUMIFS('4월'!$L:$L,'4월'!$F:$F,"C0000140",'4월'!$I:$I,S27,'4월'!$T:$T,"??Z*")+SUMIFS('4월'!$L:$L,'4월'!$F:$F,"C0000142",'4월'!$I:$I,S27) -> 0 | V27: =IFERROR((U27/T27)-1,"") | W27: =U27+U28 -> 0 | X27: =IFERROR(DATE($B$7,X$7,$B27),"") -> 46151 | Y27: =SUMIFS('5월'!$N:$N,'5월'!$F:$F,"C0000004",'5월'!$I:$I,X27)+SUMIFS('5월'!$N:$N,'5월'!$F:$F,"C0000140",'5월'!$I:$I,X27,'5월'!$T:$T,"??C*")+SUMIFS('5월'!$N:$N,'5월'!$F:$F,"C0000140",'5월'!$I:$I,X27,'5월'!$T:$T,"??M*")+SUMIFS('5월'!$N:$N,'5월'!$F:$F,"C0000140",'5월'!$I:$I,X27,'5월'!$T:$T,"??Z*")+SUMIFS('5월'!$N:$N,'5월'!$F:$F,"C0000142",'5월'!$I:$I,X27) -> 0 | Z27: =SUMIFS('5월'!$L:$L,'5월'!$F:$F,"C0000004",'5월'!$I:$I,X27)+SUMIFS('5월'!$L:$L,'5월'!$F:$F,"C0000140",'5월'!$I:$I,X27,'5월'!$T:$T,"??C*")+SUMIFS('5월'!$L:$L,'5월'!$F:$F,"C0000140",'5월'!$I:$I,X27,'5월'!$T:$T,"??M*")+SUMIFS('5월'!$L:$L,'5월'!$F:$F,"C0000140",'5월'!$I:$I,X27,'5월'!$T:$T,"??Z*")+SUMIFS('5월'!$L:$L,'5월'!$F:$F,"C0000142",'5월'!$I:$I,X27) -> 0 | AA27: =IFERROR((Z27/Y27)-1,"") | AB27: =Z27+Z28 -> 0 | AC27: =IFERROR(DATE($B$7,AC$7,$B27),"") -> 46182 | AD27: =SUMIFS('6월'!$N:$N,'6월'!$F:$F,"C0000004",'6월'!$I:$I,AC27)+SUMIFS('6월'!$N:$N,'6월'!$F:$F,"C0000140",'6월'!$I:$I,AC27,'6월'!$T:$T,"??C*")+SUMIFS('6월'!$N:$N,'6월'!$F:$F,"C0000140",'6월'!$I:$I,AC27,'6월'!$T:$T,"??M*")+SUMIFS('6월'!$N:$N,'6월'!$F:$F,"C0000140",'6월'!$I:$I,AC27,'6월'!$T:$T,"??Z*")+SUMIFS('6월'!$N:$N,'6월'!$F:$F,"C0000142",'6월'!$I:$I,AC27) -> 0 | AE27: =SUMIFS('6월'!$L:$L,'6월'!$F:$F,"C0000004",'6월'!$I:$I,AC27)+SUMIFS('6월'!$L:$L,'6월'!$F:$F,"C0000140",'6월'!$I:$I,AC27,'6월'!$T:$T,"??C*")+SUMIFS('6월'!$L:$L,'6월'!$F:$F,"C0000140",'6월'!$I:$I,AC27,'6월'!$T:$T,"??M*")+SUMIFS('6월'!$L:$L,'6월'!$F:$F,"C0000140",'6월'!$I:$I,AC27,'6월'!$T:$T,"??Z*")+SUMIFS('6월'!$L:$L,'6월'!$F:$F,"C0000142",'6월'!$I:$I,AC27) -> 0 | AF27: =IFERROR((AE27/AD27)-1,"") | AG27: =AE27+AE28 -> 0 | AH27: =IFERROR(DATE($B$7,AH$7,$B27),"") -> 46212 | AI27: =SUMIFS('7월'!$N:$N,'7월'!$F:$F,"C0000004",'7월'!$I:$I,AH27)+SUMIFS('7월'!$N:$N,'7월'!$F:$F,"C0000140",'7월'!$I:$I,AH27,'7월'!$T:$T,"??C*")+SUMIFS('7월'!$N:$N,'7월'!$F:$F,"C0000140",'7월'!$I:$I,AH27,'7월'!$T:$T,"??M*")+SUMIFS('7월'!$N:$N,'7월'!$F:$F,"C0000140",'7월'!$I:$I,AH27,'7월'!$T:$T,"??Z*")+SUMIFS('7월'!$N:$N,'7월'!$F:$F,"C0000142",'7월'!$I:$I,AH27) -> 0 | AJ27: =SUMIFS('7월'!$L:$L,'7월'!$F:$F,"C0000004",'7월'!$I:$I,AH27)+SUMIFS('7월'!$L:$L,'7월'!$F:$F,"C0000140",'7월'!$I:$I,AH27,'7월'!$T:$T,"??C*")+SUMIFS('7월'!$L:$L,'7월'!$F:$F,"C0000140",'7월'!$I:$I,AH27,'7월'!$T:$T,"??M*")+SUMIFS('7월'!$L:$L,'7월'!$F:$F,"C0000140",'7월'!$I:$I,AH27,'7월'!$T:$T,"??Z*")+SUMIFS('7월'!$L:$L,'7월'!$F:$F,"C0000142",'7월'!$I:$I,AH27) -> 0 | AK27: =IFERROR((AJ27/AI27)-1,"") | AL27: =AJ27+AJ28 -> 0 | AM27: =IFERROR(DATE($B$7,AM$7,$B27),"") -> 46243 | AN27: =SUMIFS('8월'!$N:$N,'8월'!$F:$F,"C0000004",'8월'!$I:$I,AM27)+SUMIFS('8월'!$N:$N,'8월'!$F:$F,"C0000140",'8월'!$I:$I,AM27,'8월'!$T:$T,"??C*")+SUMIFS('8월'!$N:$N,'8월'!$F:$F,"C0000140",'8월'!$I:$I,AM27,'8월'!$T:$T,"??M*")+SUMIFS('8월'!$N:$N,'8월'!$F:$F,"C0000140",'8월'!$I:$I,AM27,'8월'!$T:$T,"??Z*")+SUMIFS('8월'!$N:$N,'8월'!$F:$F,"C0000142",'8월'!$I:$I,AM27) -> 0 | AO27: =SUMIFS('8월'!$L:$L,'8월'!$F:$F,"C0000004",'8월'!$I:$I,AM27)+SUMIFS('8월'!$L:$L,'8월'!$F:$F,"C0000140",'8월'!$I:$I,AM27,'8월'!$T:$T,"??C*")+SUMIFS('8월'!$L:$L,'8월'!$F:$F,"C0000140",'8월'!$I:$I,AM27,'8월'!$T:$T,"??M*")+SUMIFS('8월'!$L:$L,'8월'!$F:$F,"C0000140",'8월'!$I:$I,AM27,'8월'!$T:$T,"??Z*")+SUMIFS('8월'!$L:$L,'8월'!$F:$F,"C0000142",'8월'!$I:$I,AM27) -> 0 | AP27: =IFERROR((AO27/AN27)-1,"") | AQ27: =AO27+AO28 -> 0 | AR27: =IFERROR(DATE($B$7,AR$7,$B27),"") -> 46274 | AS27: =SUMIFS('9월'!$N:$N,'9월'!$F:$F,"C0000004",'9월'!$I:$I,AR27)+SUMIFS('9월'!$N:$N,'9월'!$F:$F,"C0000140",'9월'!$I:$I,AR27,'9월'!$T:$T,"??C*")+SUMIFS('9월'!$N:$N,'9월'!$F:$F,"C0000140",'9월'!$I:$I,AR27,'9월'!$T:$T,"??M*")+SUMIFS('9월'!$N:$N,'9월'!$F:$F,"C0000140",'9월'!$I:$I,AR27,'9월'!$T:$T,"??Z*")+SUMIFS('9월'!$N:$N,'9월'!$F:$F,"C0000142",'9월'!$I:$I,AR27) -> 0 | AT27: =SUMIFS('9월'!$L:$L,'9월'!$F:$F,"C0000004",'9월'!$I:$I,AR27)+SUMIFS('9월'!$L:$L,'9월'!$F:$F,"C0000140",'9월'!$I:$I,AR27,'9월'!$T:$T,"??C*")+SUMIFS('9월'!$L:$L,'9월'!$F:$F,"C0000140",'9월'!$I:$I,AR27,'9월'!$T:$T,"??M*")+SUMIFS('9월'!$L:$L,'9월'!$F:$F,"C0000140",'9월'!$I:$I,AR27,'9월'!$T:$T,"??Z*")+SUMIFS('9월'!$L:$L,'9월'!$F:$F,"C0000142",'9월'!$I:$I,AR27) -> 0 | AU27: =IFERROR((AT27/AS27)-1,"") | AV27: =AT27+AT28 -> 0 | AW27: =IFERROR(DATE($B$7,AW$7,$B27),"") -> 46304 | AX27: =SUMIFS('10월'!$N:$N,'10월'!$F:$F,"C0000004",'10월'!$I:$I,AW27)+SUMIFS('10월'!$N:$N,'10월'!$F:$F,"C0000140",'10월'!$I:$I,AW27,'10월'!$T:$T,"??C*")+SUMIFS('10월'!$N:$N,'10월'!$F:$F,"C0000140",'10월'!$I:$I,AW27,'10월'!$T:$T,"??M*")+SUMIFS('10월'!$N:$N,'10월'!$F:$F,"C0000140",'10월'!$I:$I,AW27,'10월'!$T:$T,"??Z*")+SUMIFS('10월'!$N:$N,'10월'!$F:$F,"C0000142",'10월'!$I:$I,AW27) -> 0 | AY27: =SUMIFS('10월'!$L:$L,'10월'!$F:$F,"C0000004",'10월'!$I:$I,AW27)+SUMIFS('10월'!$L:$L,'10월'!$F:$F,"C0000140",'10월'!$I:$I,AW27,'10월'!$T:$T,"??C*")+SUMIFS('10월'!$L:$L,'10월'!$F:$F,"C0000140",'10월'!$I:$I,AW27,'10월'!$T:$T,"??M*")+SUMIFS('10월'!$L:$L,'10월'!$F:$F,"C0000140",'10월'!$I:$I,AW27,'10월'!$T:$T,"??Z*")+SUMIFS('10월'!$L:$L,'10월'!$F:$F,"C0000142",'10월'!$I:$I,AW27) -> 0 | AZ27: =IFERROR((AY27/AX27)-1,"") | BA27: =AY27+AY28 -> 0 | BB27: =IFERROR(DATE($B$7,BB$7,$B27),"") -> 46335 | BC27: =SUMIFS('11월'!$N:$N,'11월'!$F:$F,"C0000004",'11월'!$I:$I,BB27)+SUMIFS('11월'!$N:$N,'11월'!$F:$F,"C0000140",'11월'!$I:$I,BB27,'11월'!$T:$T,"??C*")+SUMIFS('11월'!$N:$N,'11월'!$F:$F,"C0000140",'11월'!$I:$I,BB27,'11월'!$T:$T,"??M*")+SUMIFS('11월'!$N:$N,'11월'!$F:$F,"C0000140",'11월'!$I:$I,BB27,'11월'!$T:$T,"??Z*")+SUMIFS('11월'!$N:$N,'11월'!$F:$F,"C0000142",'11월'!$I:$I,BB27) -> 0 | BD27: =SUMIFS('11월'!$L:$L,'11월'!$F:$F,"C0000004",'11월'!$I:$I,BB27)+SUMIFS('11월'!$L:$L,'11월'!$F:$F,"C0000140",'11월'!$I:$I,BB27,'11월'!$T:$T,"??C*")+SUMIFS('11월'!$L:$L,'11월'!$F:$F,"C0000140",'11월'!$I:$I,BB27,'11월'!$T:$T,"??M*")+SUMIFS('11월'!$L:$L,'11월'!$F:$F,"C0000140",'11월'!$I:$I,BB27,'11월'!$T:$T,"??Z*")+SUMIFS('11월'!$L:$L,'11월'!$F:$F,"C0000142",'11월'!$I:$I,BB27) -> 0 | BE27: =IFERROR((BD27/BC27)-1,"") | BF27: =BD27+BD28 -> 0 | BG27: =IFERROR(DATE($B$7,BG$7,$B27),"") -> 46365 | BH27: =SUMIFS('12월'!$N:$N,'12월'!$F:$F,"C0000004",'12월'!$I:$I,BG27)+SUMIFS('12월'!$N:$N,'12월'!$F:$F,"C0000140",'12월'!$I:$I,BG27,'12월'!$T:$T,"??C*")+SUMIFS('12월'!$N:$N,'12월'!$F:$F,"C0000140",'12월'!$I:$I,BG27,'12월'!$T:$T,"??M*")+SUMIFS('12월'!$N:$N,'12월'!$F:$F,"C0000140",'12월'!$I:$I,BG27,'12월'!$T:$T,"??Z*")+SUMIFS('12월'!$N:$N,'12월'!$F:$F,"C0000142",'12월'!$I:$I,BG27) -> 0 | BI27: =SUMIFS('12월'!$L:$L,'12월'!$F:$F,"C0000004",'12월'!$I:$I,BG27)+SUMIFS('12월'!$L:$L,'12월'!$F:$F,"C0000140",'12월'!$I:$I,BG27,'12월'!$T:$T,"??C*")+SUMIFS('12월'!$L:$L,'12월'!$F:$F,"C0000140",'12월'!$I:$I,BG27,'12월'!$T:$T,"??M*")+SUMIFS('12월'!$L:$L,'12월'!$F:$F,"C0000140",'12월'!$I:$I,BG27,'12월'!$T:$T,"??Z*")+SUMIFS('12월'!$L:$L,'12월'!$F:$F,"C0000142",'12월'!$I:$I,BG27) -> 0 | BJ27: =IFERROR((BI27/BH27)-1,"") | BK27: =BI27+BI28 -> 0
C28: L | E28: =SUMIFS('1월'!$N:$N,'1월'!$F:$F,"*L*",'1월'!$I:$I,D27,'1월'!$S:$S,"윤준희") -> 0 | F28: =SUMIFS('1월'!$L:$L,'1월'!$F:$F,"*L*",'1월'!$I:$I,D27,'1월'!$S:$S,"윤준희") -> 0 | G28: =IFERROR((F28/E28)-1,"") | J28: =SUMIFS('2월'!$N:$N,'2월'!$F:$F,"*L*",'2월'!$I:$I,I27,'2월'!$S:$S,"윤준희") -> 0 | K28: =SUMIFS('2월'!$L:$L,'2월'!$F:$F,"*L*",'2월'!$I:$I,I27,'2월'!$S:$S,"윤준희") -> 0 | L28: =IFERROR((K28/J28)-1,"") | O28: =SUMIFS('3월'!$N:$N,'3월'!$F:$F,"*L*",'3월'!$I:$I,N27,'3월'!$S:$S,"윤준희") -> 0 | P28: =SUMIFS('3월'!$L:$L,'3월'!$F:$F,"*L*",'3월'!$I:$I,N27,'3월'!$S:$S,"윤준희") -> 0 | Q28: =IFERROR((P28/O28)-1,"") | T28: =SUMIFS('4월'!$N:$N,'4월'!$F:$F,"*L*",'4월'!$I:$I,S27,'4월'!$S:$S,"윤준희") -> 0 | U28: =SUMIFS('4월'!$L:$L,'4월'!$F:$F,"*L*",'4월'!$I:$I,S27,'4월'!$S:$S,"윤준희") -> 0 | V28: =IFERROR((U28/T28)-1,"") | Y28: =SUMIFS('5월'!$N:$N,'5월'!$F:$F,"*L*",'5월'!$I:$I,X27,'5월'!$S:$S,"윤준희") -> 0 | Z28: =SUMIFS('5월'!$L:$L,'5월'!$F:$F,"*L*",'5월'!$I:$I,X27,'5월'!$S:$S,"윤준희") -> 0 | AA28: =IFERROR((Z28/Y28)-1,"") | AD28: =SUMIFS('6월'!$N:$N,'6월'!$F:$F,"*L*",'6월'!$I:$I,AC27,'6월'!$S:$S,"윤준희") -> 0 | AE28: =SUMIFS('6월'!$L:$L,'6월'!$F:$F,"*L*",'6월'!$I:$I,AC27,'6월'!$S:$S,"윤준희") -> 0 | AF28: =IFERROR((AE28/AD28)-1,"") | AI28: =SUMIFS('7월'!$N:$N,'7월'!$F:$F,"*L*",'7월'!$I:$I,AH27,'7월'!$S:$S,"윤준희") -> 0 | AJ28: =SUMIFS('7월'!$L:$L,'7월'!$F:$F,"*L*",'7월'!$I:$I,AH27,'7월'!$S:$S,"윤준희") -> 0 | AK28: =IFERROR((AJ28/AI28)-1,"") | AN28: =SUMIFS('8월'!$N:$N,'8월'!$F:$F,"*L*",'8월'!$I:$I,AM27,'8월'!$S:$S,"윤준희") -> 0 | AO28: =SUMIFS('8월'!$L:$L,'8월'!$F:$F,"*L*",'8월'!$I:$I,AM27,'8월'!$S:$S,"윤준희") -> 0 | AP28: =IFERROR((AO28/AN28)-1,"") | AS28: =SUMIFS('9월'!$N:$N,'9월'!$F:$F,"*L*",'9월'!$I:$I,AR27,'9월'!$S:$S,"윤준희") -> 0 | AT28: =SUMIFS('9월'!$L:$L,'9월'!$F:$F,"*L*",'9월'!$I:$I,AR27,'9월'!$S:$S,"윤준희") -> 0 | AU28: =IFERROR((AT28/AS28)-1,"") | AX28: =SUMIFS('10월'!$N:$N,'10월'!$F:$F,"*L*",'10월'!$I:$I,AW27,'10월'!$S:$S,"윤준희") -> 0 | AY28: =SUMIFS('10월'!$L:$L,'10월'!$F:$F,"*L*",'10월'!$I:$I,AW27,'10월'!$S:$S,"윤준희") -> 0 | AZ28: =IFERROR((AY28/AX28)-1,"") | BC28: =SUMIFS('11월'!$N:$N,'11월'!$F:$F,"*L*",'11월'!$I:$I,BB27,'11월'!$S:$S,"윤준희") -> 0 | BD28: =SUMIFS('11월'!$L:$L,'11월'!$F:$F,"*L*",'11월'!$I:$I,BB27,'11월'!$S:$S,"윤준희") -> 0 | BE28: =IFERROR((BD28/BC28)-1,"") | BH28: =SUMIFS('12월'!$N:$N,'12월'!$F:$F,"*L*",'12월'!$I:$I,BG27,'12월'!$S:$S,"윤준희") -> 0 | BI28: =SUMIFS('12월'!$L:$L,'12월'!$F:$F,"*L*",'12월'!$I:$I,BG27,'12월'!$S:$S,"윤준희") -> 0 | BJ28: =IFERROR((BI28/BH28)-1,"")
B29: 10 | C29: C | D29: =IFERROR(DATE($B$7,$D$7,B29),"") -> 46032 | E29: =SUMIFS('1월'!$N:$N,'1월'!$F:$F,"C0000004",'1월'!$I:$I,D29)+SUMIFS('1월'!$N:$N,'1월'!$F:$F,"C0000140",'1월'!$I:$I,D29,'1월'!$T:$T,"??C*")+SUMIFS('1월'!$N:$N,'1월'!$F:$F,"C0000140",'1월'!$I:$I,D29,'1월'!$T:$T,"??M*")+SUMIFS('1월'!$N:$N,'1월'!$F:$F,"C0000140",'1월'!$I:$I,D29,'1월'!$T:$T,"??Z*")+SUMIFS('1월'!$N:$N,'1월'!$F:$F,"C0000142",'1월'!$I:$I,D29) -> 0 | F29: =SUMIFS('1월'!$L:$L,'1월'!$F:$F,"C0000004",'1월'!$I:$I,D29)+SUMIFS('1월'!$L:$L,'1월'!$F:$F,"C0000140",'1월'!$I:$I,D29,'1월'!$T:$T,"??C*")+SUMIFS('1월'!$L:$L,'1월'!$F:$F,"C0000140",'1월'!$I:$I,D29,'1월'!$T:$T,"??M*")+SUMIFS('1월'!$L:$L,'1월'!$F:$F,"C0000140",'1월'!$I:$I,D29,'1월'!$T:$T,"??Z*")+SUMIFS('1월'!$L:$L,'1월'!$F:$F,"C0000142",'1월'!$I:$I,D29) -> 0 | G29: =IFERROR((F29/E29)-1,"") | H29: =F29+F30 -> 0 | I29: =IFERROR(DATE($B$7,I$7,$B29),"") -> 46063 | J29: =SUMIFS('2월'!$N:$N,'2월'!$F:$F,"C0000004",'2월'!$I:$I,I29)+SUMIFS('2월'!$N:$N,'2월'!$F:$F,"C0000140",'2월'!$I:$I,I29,'2월'!$T:$T,"??C*")+SUMIFS('2월'!$N:$N,'2월'!$F:$F,"C0000140",'2월'!$I:$I,I29,'2월'!$T:$T,"??M*")+SUMIFS('2월'!$N:$N,'2월'!$F:$F,"C0000140",'2월'!$I:$I,I29,'2월'!$T:$T,"??Z*")+SUMIFS('2월'!$N:$N,'2월'!$F:$F,"C0000142",'2월'!$I:$I,I29) -> 0 | K29: =SUMIFS('2월'!$L:$L,'2월'!$F:$F,"C0000004",'2월'!$I:$I,I29)+SUMIFS('2월'!$L:$L,'2월'!$F:$F,"C0000140",'2월'!$I:$I,I29,'2월'!$T:$T,"??C*")+SUMIFS('2월'!$L:$L,'2월'!$F:$F,"C0000140",'2월'!$I:$I,I29,'2월'!$T:$T,"??M*")+SUMIFS('2월'!$L:$L,'2월'!$F:$F,"C0000140",'2월'!$I:$I,I29,'2월'!$T:$T,"??Z*")+SUMIFS('2월'!$L:$L,'2월'!$F:$F,"C0000142",'2월'!$I:$I,I29) -> 0 | L29: =IFERROR((K29/J29)-1,"") | M29: =K29+K30 -> 0 | N29: =IFERROR(DATE($B$7,N$7,$B29),"") -> 46091 | O29: =SUMIFS('3월'!$N:$N,'3월'!$F:$F,"C0000004",'3월'!$I:$I,N29)+SUMIFS('3월'!$N:$N,'3월'!$F:$F,"C0000140",'3월'!$I:$I,N29,'3월'!$T:$T,"??C*")+SUMIFS('3월'!$N:$N,'3월'!$F:$F,"C0000140",'3월'!$I:$I,N29,'3월'!$T:$T,"??M*")+SUMIFS('3월'!$N:$N,'3월'!$F:$F,"C0000140",'3월'!$I:$I,N29,'3월'!$T:$T,"??Z*")+SUMIFS('3월'!$N:$N,'3월'!$F:$F,"C0000142",'3월'!$I:$I,N29) -> 0 | P29: =SUMIFS('3월'!$L:$L,'3월'!$F:$F,"C0000004",'3월'!$I:$I,N29)+SUMIFS('3월'!$L:$L,'3월'!$F:$F,"C0000140",'3월'!$I:$I,N29,'3월'!$T:$T,"??C*")+SUMIFS('3월'!$L:$L,'3월'!$F:$F,"C0000140",'3월'!$I:$I,N29,'3월'!$T:$T,"??M*")+SUMIFS('3월'!$L:$L,'3월'!$F:$F,"C0000140",'3월'!$I:$I,N29,'3월'!$T:$T,"??Z*")+SUMIFS('3월'!$L:$L,'3월'!$F:$F,"C0000142",'3월'!$I:$I,N29) -> 0 | Q29: =IFERROR((P29/O29)-1,"") | R29: =P29+P30 -> 0 | S29: =IFERROR(DATE($B$7,S$7,$B29),"") -> 46122 | T29: =SUMIFS('4월'!$N:$N,'4월'!$F:$F,"C0000004",'4월'!$I:$I,S29)+SUMIFS('4월'!$N:$N,'4월'!$F:$F,"C0000140",'4월'!$I:$I,S29,'4월'!$T:$T,"??C*")+SUMIFS('4월'!$N:$N,'4월'!$F:$F,"C0000140",'4월'!$I:$I,S29,'4월'!$T:$T,"??M*")+SUMIFS('4월'!$N:$N,'4월'!$F:$F,"C0000140",'4월'!$I:$I,S29,'4월'!$T:$T,"??Z*")+SUMIFS('4월'!$N:$N,'4월'!$F:$F,"C0000142",'4월'!$I:$I,S29) -> 0 | U29: =SUMIFS('4월'!$L:$L,'4월'!$F:$F,"C0000004",'4월'!$I:$I,S29)+SUMIFS('4월'!$L:$L,'4월'!$F:$F,"C0000140",'4월'!$I:$I,S29,'4월'!$T:$T,"??C*")+SUMIFS('4월'!$L:$L,'4월'!$F:$F,"C0000140",'4월'!$I:$I,S29,'4월'!$T:$T,"??M*")+SUMIFS('4월'!$L:$L,'4월'!$F:$F,"C0000140",'4월'!$I:$I,S29,'4월'!$T:$T,"??Z*")+SUMIFS('4월'!$L:$L,'4월'!$F:$F,"C0000142",'4월'!$I:$I,S29) -> 0 | V29: =IFERROR((U29/T29)-1,"") | W29: =U29+U30 -> 0 | X29: =IFERROR(DATE($B$7,X$7,$B29),"") -> 46152 | Y29: =SUMIFS('5월'!$N:$N,'5월'!$F:$F,"C0000004",'5월'!$I:$I,X29)+SUMIFS('5월'!$N:$N,'5월'!$F:$F,"C0000140",'5월'!$I:$I,X29,'5월'!$T:$T,"??C*")+SUMIFS('5월'!$N:$N,'5월'!$F:$F,"C0000140",'5월'!$I:$I,X29,'5월'!$T:$T,"??M*")+SUMIFS('5월'!$N:$N,'5월'!$F:$F,"C0000140",'5월'!$I:$I,X29,'5월'!$T:$T,"??Z*")+SUMIFS('5월'!$N:$N,'5월'!$F:$F,"C0000142",'5월'!$I:$I,X29) -> 0 | Z29: =SUMIFS('5월'!$L:$L,'5월'!$F:$F,"C0000004",'5월'!$I:$I,X29)+SUMIFS('5월'!$L:$L,'5월'!$F:$F,"C0000140",'5월'!$I:$I,X29,'5월'!$T:$T,"??C*")+SUMIFS('5월'!$L:$L,'5월'!$F:$F,"C0000140",'5월'!$I:$I,X29,'5월'!$T:$T,"??M*")+SUMIFS('5월'!$L:$L,'5월'!$F:$F,"C0000140",'5월'!$I:$I,X29,'5월'!$T:$T,"??Z*")+SUMIFS('5월'!$L:$L,'5월'!$F:$F,"C0000142",'5월'!$I:$I,X29) -> 0 | AA29: =IFERROR((Z29/Y29)-1,"") | AB29: =Z29+Z30 -> 0 | AC29: =IFERROR(DATE($B$7,AC$7,$B29),"") -> 46183 | AD29: =SUMIFS('6월'!$N:$N,'6월'!$F:$F,"C0000004",'6월'!$I:$I,AC29)+SUMIFS('6월'!$N:$N,'6월'!$F:$F,"C0000140",'6월'!$I:$I,AC29,'6월'!$T:$T,"??C*")+SUMIFS('6월'!$N:$N,'6월'!$F:$F,"C0000140",'6월'!$I:$I,AC29,'6월'!$T:$T,"??M*")+SUMIFS('6월'!$N:$N,'6월'!$F:$F,"C0000140",'6월'!$I:$I,AC29,'6월'!$T:$T,"??Z*")+SUMIFS('6월'!$N:$N,'6월'!$F:$F,"C0000142",'6월'!$I:$I,AC29) -> 0 | AE29: =SUMIFS('6월'!$L:$L,'6월'!$F:$F,"C0000004",'6월'!$I:$I,AC29)+SUMIFS('6월'!$L:$L,'6월'!$F:$F,"C0000140",'6월'!$I:$I,AC29,'6월'!$T:$T,"??C*")+SUMIFS('6월'!$L:$L,'6월'!$F:$F,"C0000140",'6월'!$I:$I,AC29,'6월'!$T:$T,"??M*")+SUMIFS('6월'!$L:$L,'6월'!$F:$F,"C0000140",'6월'!$I:$I,AC29,'6월'!$T:$T,"??Z*")+SUMIFS('6월'!$L:$L,'6월'!$F:$F,"C0000142",'6월'!$I:$I,AC29) -> 0 | AF29: =IFERROR((AE29/AD29)-1,"") | AG29: =AE29+AE30 -> 0 | AH29: =IFERROR(DATE($B$7,AH$7,$B29),"") -> 46213 | AI29: =SUMIFS('7월'!$N:$N,'7월'!$F:$F,"C0000004",'7월'!$I:$I,AH29)+SUMIFS('7월'!$N:$N,'7월'!$F:$F,"C0000140",'7월'!$I:$I,AH29,'7월'!$T:$T,"??C*")+SUMIFS('7월'!$N:$N,'7월'!$F:$F,"C0000140",'7월'!$I:$I,AH29,'7월'!$T:$T,"??M*")+SUMIFS('7월'!$N:$N,'7월'!$F:$F,"C0000140",'7월'!$I:$I,AH29,'7월'!$T:$T,"??Z*")+SUMIFS('7월'!$N:$N,'7월'!$F:$F,"C0000142",'7월'!$I:$I,AH29) -> 0 | AJ29: =SUMIFS('7월'!$L:$L,'7월'!$F:$F,"C0000004",'7월'!$I:$I,AH29)+SUMIFS('7월'!$L:$L,'7월'!$F:$F,"C0000140",'7월'!$I:$I,AH29,'7월'!$T:$T,"??C*")+SUMIFS('7월'!$L:$L,'7월'!$F:$F,"C0000140",'7월'!$I:$I,AH29,'7월'!$T:$T,"??M*")+SUMIFS('7월'!$L:$L,'7월'!$F:$F,"C0000140",'7월'!$I:$I,AH29,'7월'!$T:$T,"??Z*")+SUMIFS('7월'!$L:$L,'7월'!$F:$F,"C0000142",'7월'!$I:$I,AH29) -> 0 | AK29: =IFERROR((AJ29/AI29)-1,"") | AL29: =AJ29+AJ30 -> 0 | AM29: =IFERROR(DATE($B$7,AM$7,$B29),"") -> 46244 | AN29: =SUMIFS('8월'!$N:$N,'8월'!$F:$F,"C0000004",'8월'!$I:$I,AM29)+SUMIFS('8월'!$N:$N,'8월'!$F:$F,"C0000140",'8월'!$I:$I,AM29,'8월'!$T:$T,"??C*")+SUMIFS('8월'!$N:$N,'8월'!$F:$F,"C0000140",'8월'!$I:$I,AM29,'8월'!$T:$T,"??M*")+SUMIFS('8월'!$N:$N,'8월'!$F:$F,"C0000140",'8월'!$I:$I,AM29,'8월'!$T:$T,"??Z*")+SUMIFS('8월'!$N:$N,'8월'!$F:$F,"C0000142",'8월'!$I:$I,AM29) -> 0 | AO29: =SUMIFS('8월'!$L:$L,'8월'!$F:$F,"C0000004",'8월'!$I:$I,AM29)+SUMIFS('8월'!$L:$L,'8월'!$F:$F,"C0000140",'8월'!$I:$I,AM29,'8월'!$T:$T,"??C*")+SUMIFS('8월'!$L:$L,'8월'!$F:$F,"C0000140",'8월'!$I:$I,AM29,'8월'!$T:$T,"??M*")+SUMIFS('8월'!$L:$L,'8월'!$F:$F,"C0000140",'8월'!$I:$I,AM29,'8월'!$T:$T,"??Z*")+SUMIFS('8월'!$L:$L,'8월'!$F:$F,"C0000142",'8월'!$I:$I,AM29) -> 0 | AP29: =IFERROR((AO29/AN29)-1,"") | AQ29: =AO29+AO30 -> 0 | AR29: =IFERROR(DATE($B$7,AR$7,$B29),"") -> 46275 | AS29: =SUMIFS('9월'!$N:$N,'9월'!$F:$F,"C0000004",'9월'!$I:$I,AR29)+SUMIFS('9월'!$N:$N,'9월'!$F:$F,"C0000140",'9월'!$I:$I,AR29,'9월'!$T:$T,"??C*")+SUMIFS('9월'!$N:$N,'9월'!$F:$F,"C0000140",'9월'!$I:$I,AR29,'9월'!$T:$T,"??M*")+SUMIFS('9월'!$N:$N,'9월'!$F:$F,"C0000140",'9월'!$I:$I,AR29,'9월'!$T:$T,"??Z*")+SUMIFS('9월'!$N:$N,'9월'!$F:$F,"C0000142",'9월'!$I:$I,AR29) -> 19259.406 | AT29: =SUMIFS('9월'!$L:$L,'9월'!$F:$F,"C0000004",'9월'!$I:$I,AR29)+SUMIFS('9월'!$L:$L,'9월'!$F:$F,"C0000140",'9월'!$I:$I,AR29,'9월'!$T:$T,"??C*")+SUMIFS('9월'!$L:$L,'9월'!$F:$F,"C0000140",'9월'!$I:$I,AR29,'9월'!$T:$T,"??M*")+SUMIFS('9월'!$L:$L,'9월'!$F:$F,"C0000140",'9월'!$I:$I,AR29,'9월'!$T:$T,"??Z*")+SUMIFS('9월'!$L:$L,'9월'!$F:$F,"C0000142",'9월'!$I:$I,AR29) -> 48000 | AU29: =IFERROR((AT29/AS29)-1,"") -> 1.4922887 | AV29: =AT29+AT30 -> 48000 | AW29: =IFERROR(DATE($B$7,AW$7,$B29),"") -> 46305 | AX29: =SUMIFS('10월'!$N:$N,'10월'!$F:$F,"C0000004",'10월'!$I:$I,AW29)+SUMIFS('10월'!$N:$N,'10월'!$F:$F,"C0000140",'10월'!$I:$I,AW29,'10월'!$T:$T,"??C*")+SUMIFS('10월'!$N:$N,'10월'!$F:$F,"C0000140",'10월'!$I:$I,AW29,'10월'!$T:$T,"??M*")+SUMIFS('10월'!$N:$N,'10월'!$F:$F,"C0000140",'10월'!$I:$I,AW29,'10월'!$T:$T,"??Z*")+SUMIFS('10월'!$N:$N,'10월'!$F:$F,"C0000142",'10월'!$I:$I,AW29) -> 0 | AY29: =SUMIFS('10월'!$L:$L,'10월'!$F:$F,"C0000004",'10월'!$I:$I,AW29)+SUMIFS('10월'!$L:$L,'10월'!$F:$F,"C0000140",'10월'!$I:$I,AW29,'10월'!$T:$T,"??C*")+SUMIFS('10월'!$L:$L,'10월'!$F:$F,"C0000140",'10월'!$I:$I,AW29,'10월'!$T:$T,"??M*")+SUMIFS('10월'!$L:$L,'10월'!$F:$F,"C0000140",'10월'!$I:$I,AW29,'10월'!$T:$T,"??Z*")+SUMIFS('10월'!$L:$L,'10월'!$F:$F,"C0000142",'10월'!$I:$I,AW29) -> 0 | AZ29: =IFERROR((AY29/AX29)-1,"") | BA29: =AY29+AY30 -> 0 | BB29: =IFERROR(DATE($B$7,BB$7,$B29),"") -> 46336 | BC29: =SUMIFS('11월'!$N:$N,'11월'!$F:$F,"C0000004",'11월'!$I:$I,BB29)+SUMIFS('11월'!$N:$N,'11월'!$F:$F,"C0000140",'11월'!$I:$I,BB29,'11월'!$T:$T,"??C*")+SUMIFS('11월'!$N:$N,'11월'!$F:$F,"C0000140",'11월'!$I:$I,BB29,'11월'!$T:$T,"??M*")+SUMIFS('11월'!$N:$N,'11월'!$F:$F,"C0000140",'11월'!$I:$I,BB29,'11월'!$T:$T,"??Z*")+SUMIFS('11월'!$N:$N,'11월'!$F:$F,"C0000142",'11월'!$I:$I,BB29) -> 0 | BD29: =SUMIFS('11월'!$L:$L,'11월'!$F:$F,"C0000004",'11월'!$I:$I,BB29)+SUMIFS('11월'!$L:$L,'11월'!$F:$F,"C0000140",'11월'!$I:$I,BB29,'11월'!$T:$T,"??C*")+SUMIFS('11월'!$L:$L,'11월'!$F:$F,"C0000140",'11월'!$I:$I,BB29,'11월'!$T:$T,"??M*")+SUMIFS('11월'!$L:$L,'11월'!$F:$F,"C0000140",'11월'!$I:$I,BB29,'11월'!$T:$T,"??Z*")+SUMIFS('11월'!$L:$L,'11월'!$F:$F,"C0000142",'11월'!$I:$I,BB29) -> 0 | BE29: =IFERROR((BD29/BC29)-1,"") | BF29: =BD29+BD30 -> 0 | BG29: =IFERROR(DATE($B$7,BG$7,$B29),"") -> 46366 | BH29: =SUMIFS('12월'!$N:$N,'12월'!$F:$F,"C0000004",'12월'!$I:$I,BG29)+SUMIFS('12월'!$N:$N,'12월'!$F:$F,"C0000140",'12월'!$I:$I,BG29,'12월'!$T:$T,"??C*")+SUMIFS('12월'!$N:$N,'12월'!$F:$F,"C0000140",'12월'!$I:$I,BG29,'12월'!$T:$T,"??M*")+SUMIFS('12월'!$N:$N,'12월'!$F:$F,"C0000140",'12월'!$I:$I,BG29,'12월'!$T:$T,"??Z*")+SUMIFS('12월'!$N:$N,'12월'!$F:$F,"C0000142",'12월'!$I:$I,BG29) -> 0 | BI29: =SUMIFS('12월'!$L:$L,'12월'!$F:$F,"C0000004",'12월'!$I:$I,BG29)+SUMIFS('12월'!$L:$L,'12월'!$F:$F,"C0000140",'12월'!$I:$I,BG29,'12월'!$T:$T,"??C*")+SUMIFS('12월'!$L:$L,'12월'!$F:$F,"C0000140",'12월'!$I:$I,BG29,'12월'!$T:$T,"??M*")+SUMIFS('12월'!$L:$L,'12월'!$F:$F,"C0000140",'12월'!$I:$I,BG29,'12월'!$T:$T,"??Z*")+SUMIFS('12월'!$L:$L,'12월'!$F:$F,"C0000142",'12월'!$I:$I,BG29) -> 0 | BJ29: =IFERROR((BI29/BH29)-1,"") | BK29: =BI29+BI30 -> 0
C30: L | E30: =SUMIFS('1월'!$N:$N,'1월'!$F:$F,"*L*",'1월'!$I:$I,D29,'1월'!$S:$S,"윤준희") -> 0 | F30: =SUMIFS('1월'!$L:$L,'1월'!$F:$F,"*L*",'1월'!$I:$I,D29,'1월'!$S:$S,"윤준희") -> 0 | G30: =IFERROR((F30/E30)-1,"") | J30: =SUMIFS('2월'!$N:$N,'2월'!$F:$F,"*L*",'2월'!$I:$I,I29,'2월'!$S:$S,"윤준희") -> 0 | K30: =SUMIFS('2월'!$L:$L,'2월'!$F:$F,"*L*",'2월'!$I:$I,I29,'2월'!$S:$S,"윤준희") -> 0 | L30: =IFERROR((K30/J30)-1,"") | O30: =SUMIFS('3월'!$N:$N,'3월'!$F:$F,"*L*",'3월'!$I:$I,N29,'3월'!$S:$S,"윤준희") -> 0 | P30: =SUMIFS('3월'!$L:$L,'3월'!$F:$F,"*L*",'3월'!$I:$I,N29,'3월'!$S:$S,"윤준희") -> 0 | Q30: =IFERROR((P30/O30)-1,"") | T30: =SUMIFS('4월'!$N:$N,'4월'!$F:$F,"*L*",'4월'!$I:$I,S29,'4월'!$S:$S,"윤준희") -> 0 | U30: =SUMIFS('4월'!$L:$L,'4월'!$F:$F,"*L*",'4월'!$I:$I,S29,'4월'!$S:$S,"윤준희") -> 0 | V30: =IFERROR((U30/T30)-1,"") | Y30: =SUMIFS('5월'!$N:$N,'5월'!$F:$F,"*L*",'5월'!$I:$I,X29,'5월'!$S:$S,"윤준희") -> 0 | Z30: =SUMIFS('5월'!$L:$L,'5월'!$F:$F,"*L*",'5월'!$I:$I,X29,'5월'!$S:$S,"윤준희") -> 0 | AA30: =IFERROR((Z30/Y30)-1,"") | AD30: =SUMIFS('6월'!$N:$N,'6월'!$F:$F,"*L*",'6월'!$I:$I,AC29,'6월'!$S:$S,"윤준희") -> 0 | AE30: =SUMIFS('6월'!$L:$L,'6월'!$F:$F,"*L*",'6월'!$I:$I,AC29,'6월'!$S:$S,"윤준희")+SUMIFS('6월'!$L:$L,'6월'!$F:$F,"*L*",'6월'!$I:$I,AC29,'6월'!$S:$S,"윤준희") -> 0 | AF30: =IFERROR((AE30/AD30)-1,"") | AI30: =SUMIFS('7월'!$N:$N,'7월'!$F:$F,"*L*",'7월'!$I:$I,AH29,'7월'!$S:$S,"윤준희") -> 0 | AJ30: =SUMIFS('7월'!$L:$L,'7월'!$F:$F,"*L*",'7월'!$I:$I,AH29,'7월'!$S:$S,"윤준희") -> 0 | AK30: =IFERROR((AJ30/AI30)-1,"") | AN30: =SUMIFS('8월'!$N:$N,'8월'!$F:$F,"*L*",'8월'!$I:$I,AM29,'8월'!$S:$S,"윤준희") -> 0 | AO30: =SUMIFS('8월'!$L:$L,'8월'!$F:$F,"*L*",'8월'!$I:$I,AM29,'8월'!$S:$S,"윤준희") -> 0 | AP30: =IFERROR((AO30/AN30)-1,"") | AS30: =SUMIFS('9월'!$N:$N,'9월'!$F:$F,"*L*",'9월'!$I:$I,AR29,'9월'!$S:$S,"윤준희") -> 0 | AT30: =SUMIFS('9월'!$L:$L,'9월'!$F:$F,"*L*",'9월'!$I:$I,AR29,'9월'!$S:$S,"윤준희") -> 0 | AU30: =IFERROR((AT30/AS30)-1,"") | AX30: =SUMIFS('10월'!$N:$N,'10월'!$F:$F,"*L*",'10월'!$I:$I,AW29,'10월'!$S:$S,"윤준희") -> 0 | AY30: =SUMIFS('10월'!$L:$L,'10월'!$F:$F,"*L*",'10월'!$I:$I,AW29,'10월'!$S:$S,"윤준희") -> 0 | AZ30: =IFERROR((AY30/AX30)-1,"") | BC30: =SUMIFS('11월'!$N:$N,'11월'!$F:$F,"*L*",'11월'!$I:$I,BB29,'11월'!$S:$S,"윤준희") -> 0 | BD30: =SUMIFS('11월'!$L:$L,'11월'!$F:$F,"*L*",'11월'!$I:$I,BB29,'11월'!$S:$S,"윤준희") -> 0 | BE30: =IFERROR((BD30/BC30)-1,"") | BH30: =SUMIFS('12월'!$N:$N,'12월'!$F:$F,"*L*",'12월'!$I:$I,BG29,'12월'!$S:$S,"윤준희") -> 0 | BI30: =SUMIFS('12월'!$L:$L,'12월'!$F:$F,"*L*",'12월'!$I:$I,BG29,'12월'!$S:$S,"윤준희") -> 0 | BJ30: =IFERROR((BI30/BH30)-1,"")
B31: 11 | C31: C | D31: =IFERROR(DATE($B$7,$D$7,B31),"") -> 46033 | E31: =SUMIFS('1월'!$N:$N,'1월'!$F:$F,"C0000004",'1월'!$I:$I,D31)+SUMIFS('1월'!$N:$N,'1월'!$F:$F,"C0000140",'1월'!$I:$I,D31,'1월'!$T:$T,"??C*")+SUMIFS('1월'!$N:$N,'1월'!$F:$F,"C0000140",'1월'!$I:$I,D31,'1월'!$T:$T,"??M*")+SUMIFS('1월'!$N:$N,'1월'!$F:$F,"C0000140",'1월'!$I:$I,D31,'1월'!$T:$T,"??Z*")+SUMIFS('1월'!$N:$N,'1월'!$F:$F,"C0000142",'1월'!$I:$I,D31) -> 0 | F31: =SUMIFS('1월'!$L:$L,'1월'!$F:$F,"C0000004",'1월'!$I:$I,D31)+SUMIFS('1월'!$L:$L,'1월'!$F:$F,"C0000140",'1월'!$I:$I,D31,'1월'!$T:$T,"??C*")+SUMIFS('1월'!$L:$L,'1월'!$F:$F,"C0000140",'1월'!$I:$I,D31,'1월'!$T:$T,"??M*")+SUMIFS('1월'!$L:$L,'1월'!$F:$F,"C0000140",'1월'!$I:$I,D31,'1월'!$T:$T,"??Z*")+SUMIFS('1월'!$L:$L,'1월'!$F:$F,"C0000142",'1월'!$I:$I,D31) -> 0 | G31: =IFERROR((F31/E31)-1,"") | H31: =F31+F32 -> 0 | I31: =IFERROR(DATE($B$7,I$7,$B31),"") -> 46064 | J31: =SUMIFS('2월'!$N:$N,'2월'!$F:$F,"C0000004",'2월'!$I:$I,I31)+SUMIFS('2월'!$N:$N,'2월'!$F:$F,"C0000140",'2월'!$I:$I,I31,'2월'!$T:$T,"??C*")+SUMIFS('2월'!$N:$N,'2월'!$F:$F,"C0000140",'2월'!$I:$I,I31,'2월'!$T:$T,"??M*")+SUMIFS('2월'!$N:$N,'2월'!$F:$F,"C0000140",'2월'!$I:$I,I31,'2월'!$T:$T,"??Z*")+SUMIFS('2월'!$N:$N,'2월'!$F:$F,"C0000142",'2월'!$I:$I,I31) -> 0 | K31: =SUMIFS('2월'!$L:$L,'2월'!$F:$F,"C0000004",'2월'!$I:$I,I31)+SUMIFS('2월'!$L:$L,'2월'!$F:$F,"C0000140",'2월'!$I:$I,I31,'2월'!$T:$T,"??C*")+SUMIFS('2월'!$L:$L,'2월'!$F:$F,"C0000140",'2월'!$I:$I,I31,'2월'!$T:$T,"??M*")+SUMIFS('2월'!$L:$L,'2월'!$F:$F,"C0000140",'2월'!$I:$I,I31,'2월'!$T:$T,"??Z*")+SUMIFS('2월'!$L:$L,'2월'!$F:$F,"C0000142",'2월'!$I:$I,I31) -> 0 | L31: =IFERROR((K31/J31)-1,"") | M31: =K31+K32 -> 0 | N31: =IFERROR(DATE($B$7,N$7,$B31),"") -> 46092 | O31: =SUMIFS('3월'!$N:$N,'3월'!$F:$F,"C0000004",'3월'!$I:$I,N31)+SUMIFS('3월'!$N:$N,'3월'!$F:$F,"C0000140",'3월'!$I:$I,N31,'3월'!$T:$T,"??C*")+SUMIFS('3월'!$N:$N,'3월'!$F:$F,"C0000140",'3월'!$I:$I,N31,'3월'!$T:$T,"??M*")+SUMIFS('3월'!$N:$N,'3월'!$F:$F,"C0000140",'3월'!$I:$I,N31,'3월'!$T:$T,"??Z*")+SUMIFS('3월'!$N:$N,'3월'!$F:$F,"C0000142",'3월'!$I:$I,N31) -> 0 | P31: =SUMIFS('3월'!$L:$L,'3월'!$F:$F,"C0000004",'3월'!$I:$I,N31)+SUMIFS('3월'!$L:$L,'3월'!$F:$F,"C0000140",'3월'!$I:$I,N31,'3월'!$T:$T,"??C*")+SUMIFS('3월'!$L:$L,'3월'!$F:$F,"C0000140",'3월'!$I:$I,N31,'3월'!$T:$T,"??M*")+SUMIFS('3월'!$L:$L,'3월'!$F:$F,"C0000140",'3월'!$I:$I,N31,'3월'!$T:$T,"??Z*")+SUMIFS('3월'!$L:$L,'3월'!$F:$F,"C0000142",'3월'!$I:$I,N31) -> 0 | Q31: =IFERROR((P31/O31)-1,"") | R31: =P31+P32 -> 0 | S31: =IFERROR(DATE($B$7,S$7,$B31),"") -> 46123 | T31: =SUMIFS('4월'!$N:$N,'4월'!$F:$F,"C0000004",'4월'!$I:$I,S31)+SUMIFS('4월'!$N:$N,'4월'!$F:$F,"C0000140",'4월'!$I:$I,S31,'4월'!$T:$T,"??C*")+SUMIFS('4월'!$N:$N,'4월'!$F:$F,"C0000140",'4월'!$I:$I,S31,'4월'!$T:$T,"??M*")+SUMIFS('4월'!$N:$N,'4월'!$F:$F,"C0000140",'4월'!$I:$I,S31,'4월'!$T:$T,"??Z*")+SUMIFS('4월'!$N:$N,'4월'!$F:$F,"C0000142",'4월'!$I:$I,S31) -> 0 | U31: =SUMIFS('4월'!$L:$L,'4월'!$F:$F,"C0000004",'4월'!$I:$I,S31)+SUMIFS('4월'!$L:$L,'4월'!$F:$F,"C0000140",'4월'!$I:$I,S31,'4월'!$T:$T,"??C*")+SUMIFS('4월'!$L:$L,'4월'!$F:$F,"C0000140",'4월'!$I:$I,S31,'4월'!$T:$T,"??M*")+SUMIFS('4월'!$L:$L,'4월'!$F:$F,"C0000140",'4월'!$I:$I,S31,'4월'!$T:$T,"??Z*")+SUMIFS('4월'!$L:$L,'4월'!$F:$F,"C0000142",'4월'!$I:$I,S31) -> 0 | V31: =IFERROR((U31/T31)-1,"") | W31: =U31+U32 -> 0 | X31: =IFERROR(DATE($B$7,X$7,$B31),"") -> 46153 | Y31: =SUMIFS('5월'!$N:$N,'5월'!$F:$F,"C0000004",'5월'!$I:$I,X31)+SUMIFS('5월'!$N:$N,'5월'!$F:$F,"C0000140",'5월'!$I:$I,X31,'5월'!$T:$T,"??C*")+SUMIFS('5월'!$N:$N,'5월'!$F:$F,"C0000140",'5월'!$I:$I,X31,'5월'!$T:$T,"??M*")+SUMIFS('5월'!$N:$N,'5월'!$F:$F,"C0000140",'5월'!$I:$I,X31,'5월'!$T:$T,"??Z*")+SUMIFS('5월'!$N:$N,'5월'!$F:$F,"C0000142",'5월'!$I:$I,X31) -> 0 | Z31: =SUMIFS('5월'!$L:$L,'5월'!$F:$F,"C0000004",'5월'!$I:$I,X31)+SUMIFS('5월'!$L:$L,'5월'!$F:$F,"C0000140",'5월'!$I:$I,X31,'5월'!$T:$T,"??C*")+SUMIFS('5월'!$L:$L,'5월'!$F:$F,"C0000140",'5월'!$I:$I,X31,'5월'!$T:$T,"??M*")+SUMIFS('5월'!$L:$L,'5월'!$F:$F,"C0000140",'5월'!$I:$I,X31,'5월'!$T:$T,"??Z*")+SUMIFS('5월'!$L:$L,'5월'!$F:$F,"C0000142",'5월'!$I:$I,X31) -> 0 | AA31: =IFERROR((Z31/Y31)-1,"") | AB31: =Z31+Z32 -> 0 | AC31: =IFERROR(DATE($B$7,AC$7,$B31),"") -> 46184 | AD31: =SUMIFS('6월'!$N:$N,'6월'!$F:$F,"C0000004",'6월'!$I:$I,AC31)+SUMIFS('6월'!$N:$N,'6월'!$F:$F,"C0000140",'6월'!$I:$I,AC31,'6월'!$T:$T,"??C*")+SUMIFS('6월'!$N:$N,'6월'!$F:$F,"C0000140",'6월'!$I:$I,AC31,'6월'!$T:$T,"??M*")+SUMIFS('6월'!$N:$N,'6월'!$F:$F,"C0000140",'6월'!$I:$I,AC31,'6월'!$T:$T,"??Z*")+SUMIFS('6월'!$N:$N,'6월'!$F:$F,"C0000142",'6월'!$I:$I,AC31) -> 0 | AE31: =SUMIFS('6월'!$L:$L,'6월'!$F:$F,"C0000004",'6월'!$I:$I,AC31)+SUMIFS('6월'!$L:$L,'6월'!$F:$F,"C0000140",'6월'!$I:$I,AC31,'6월'!$T:$T,"??C*")+SUMIFS('6월'!$L:$L,'6월'!$F:$F,"C0000140",'6월'!$I:$I,AC31,'6월'!$T:$T,"??M*")+SUMIFS('6월'!$L:$L,'6월'!$F:$F,"C0000140",'6월'!$I:$I,AC31,'6월'!$T:$T,"??Z*")+SUMIFS('6월'!$L:$L,'6월'!$F:$F,"C0000142",'6월'!$I:$I,AC31) -> 0 | AF31: =IFERROR((AE31/AD31)-1,"") | AG31: =AE31+AE32 -> 0 | AH31: =IFERROR(DATE($B$7,AH$7,$B31),"") -> 46214 | AI31: =SUMIFS('7월'!$N:$N,'7월'!$F:$F,"C0000004",'7월'!$I:$I,AH31)+SUMIFS('7월'!$N:$N,'7월'!$F:$F,"C0000140",'7월'!$I:$I,AH31,'7월'!$T:$T,"??C*")+SUMIFS('7월'!$N:$N,'7월'!$F:$F,"C0000140",'7월'!$I:$I,AH31,'7월'!$T:$T,"??M*")+SUMIFS('7월'!$N:$N,'7월'!$F:$F,"C0000140",'7월'!$I:$I,AH31,'7월'!$T:$T,"??Z*")+SUMIFS('7월'!$N:$N,'7월'!$F:$F,"C0000142",'7월'!$I:$I,AH31) -> 0 | AJ31: =SUMIFS('7월'!$L:$L,'7월'!$F:$F,"C0000004",'7월'!$I:$I,AH31)+SUMIFS('7월'!$L:$L,'7월'!$F:$F,"C0000140",'7월'!$I:$I,AH31,'7월'!$T:$T,"??C*")+SUMIFS('7월'!$L:$L,'7월'!$F:$F,"C0000140",'7월'!$I:$I,AH31,'7월'!$T:$T,"??M*")+SUMIFS('7월'!$L:$L,'7월'!$F:$F,"C0000140",'7월'!$I:$I,AH31,'7월'!$T:$T,"??Z*")+SUMIFS('7월'!$L:$L,'7월'!$F:$F,"C0000142",'7월'!$I:$I,AH31) -> 0 | AK31: =IFERROR((AJ31/AI31)-1,"") | AL31: =AJ31+AJ32 -> 0 | AM31: =IFERROR(DATE($B$7,AM$7,$B31),"") -> 46245 | AN31: =SUMIFS('8월'!$N:$N,'8월'!$F:$F,"C0000004",'8월'!$I:$I,AM31)+SUMIFS('8월'!$N:$N,'8월'!$F:$F,"C0000140",'8월'!$I:$I,AM31,'8월'!$T:$T,"??C*")+SUMIFS('8월'!$N:$N,'8월'!$F:$F,"C0000140",'8월'!$I:$I,AM31,'8월'!$T:$T,"??M*")+SUMIFS('8월'!$N:$N,'8월'!$F:$F,"C0000140",'8월'!$I:$I,AM31,'8월'!$T:$T,"??Z*")+SUMIFS('8월'!$N:$N,'8월'!$F:$F,"C0000142",'8월'!$I:$I,AM31) -> 0 | AO31: =SUMIFS('8월'!$L:$L,'8월'!$F:$F,"C0000004",'8월'!$I:$I,AM31)+SUMIFS('8월'!$L:$L,'8월'!$F:$F,"C0000140",'8월'!$I:$I,AM31,'8월'!$T:$T,"??C*")+SUMIFS('8월'!$L:$L,'8월'!$F:$F,"C0000140",'8월'!$I:$I,AM31,'8월'!$T:$T,"??M*")+SUMIFS('8월'!$L:$L,'8월'!$F:$F,"C0000140",'8월'!$I:$I,AM31,'8월'!$T:$T,"??Z*")+SUMIFS('8월'!$L:$L,'8월'!$F:$F,"C0000142",'8월'!$I:$I,AM31) -> 0 | AP31: =IFERROR((AO31/AN31)-1,"") | AQ31: =AO31+AO32 -> 0 | AR31: =IFERROR(DATE($B$7,AR$7,$B31),"") -> 46276 | AS31: =SUMIFS('9월'!$N:$N,'9월'!$F:$F,"C0000004",'9월'!$I:$I,AR31)+SUMIFS('9월'!$N:$N,'9월'!$F:$F,"C0000140",'9월'!$I:$I,AR31,'9월'!$T:$T,"??C*")+SUMIFS('9월'!$N:$N,'9월'!$F:$F,"C0000140",'9월'!$I:$I,AR31,'9월'!$T:$T,"??M*")+SUMIFS('9월'!$N:$N,'9월'!$F:$F,"C0000140",'9월'!$I:$I,AR31,'9월'!$T:$T,"??Z*")+SUMIFS('9월'!$N:$N,'9월'!$F:$F,"C0000142",'9월'!$I:$I,AR31) -> 44099.706 | AT31: =SUMIFS('9월'!$L:$L,'9월'!$F:$F,"C0000004",'9월'!$I:$I,AR31)+SUMIFS('9월'!$L:$L,'9월'!$F:$F,"C0000140",'9월'!$I:$I,AR31,'9월'!$T:$T,"??C*")+SUMIFS('9월'!$L:$L,'9월'!$F:$F,"C0000140",'9월'!$I:$I,AR31,'9월'!$T:$T,"??M*")+SUMIFS('9월'!$L:$L,'9월'!$F:$F,"C0000140",'9월'!$I:$I,AR31,'9월'!$T:$T,"??Z*")+SUMIFS('9월'!$L:$L,'9월'!$F:$F,"C0000142",'9월'!$I:$I,AR31) -> 57000 | AU31: =IFERROR((AT31/AS31)-1,"") -> 0.29252562 | AV31: =AT31+AT32 -> 57000 | AW31: =IFERROR(DATE($B$7,AW$7,$B31),"") -> 46306 | AX31: =SUMIFS('10월'!$N:$N,'10월'!$F:$F,"C0000004",'10월'!$I:$I,AW31)+SUMIFS('10월'!$N:$N,'10월'!$F:$F,"C0000140",'10월'!$I:$I,AW31,'10월'!$T:$T,"??C*")+SUMIFS('10월'!$N:$N,'10월'!$F:$F,"C0000140",'10월'!$I:$I,AW31,'10월'!$T:$T,"??M*")+SUMIFS('10월'!$N:$N,'10월'!$F:$F,"C0000140",'10월'!$I:$I,AW31,'10월'!$T:$T,"??Z*")+SUMIFS('10월'!$N:$N,'10월'!$F:$F,"C0000142",'10월'!$I:$I,AW31) -> 0 | AY31: =SUMIFS('10월'!$L:$L,'10월'!$F:$F,"C0000004",'10월'!$I:$I,AW31)+SUMIFS('10월'!$L:$L,'10월'!$F:$F,"C0000140",'10월'!$I:$I,AW31,'10월'!$T:$T,"??C*")+SUMIFS('10월'!$L:$L,'10월'!$F:$F,"C0000140",'10월'!$I:$I,AW31,'10월'!$T:$T,"??M*")+SUMIFS('10월'!$L:$L,'10월'!$F:$F,"C0000140",'10월'!$I:$I,AW31,'10월'!$T:$T,"??Z*")+SUMIFS('10월'!$L:$L,'10월'!$F:$F,"C0000142",'10월'!$I:$I,AW31) -> 0 | AZ31: =IFERROR((AY31/AX31)-1,"") | BA31: =AY31+AY32 -> 0 | BB31: =IFERROR(DATE($B$7,BB$7,$B31),"") -> 46337 | BC31: =SUMIFS('11월'!$N:$N,'11월'!$F:$F,"C0000004",'11월'!$I:$I,BB31)+SUMIFS('11월'!$N:$N,'11월'!$F:$F,"C0000140",'11월'!$I:$I,BB31,'11월'!$T:$T,"??C*")+SUMIFS('11월'!$N:$N,'11월'!$F:$F,"C0000140",'11월'!$I:$I,BB31,'11월'!$T:$T,"??M*")+SUMIFS('11월'!$N:$N,'11월'!$F:$F,"C0000140",'11월'!$I:$I,BB31,'11월'!$T:$T,"??Z*")+SUMIFS('11월'!$N:$N,'11월'!$F:$F,"C0000142",'11월'!$I:$I,BB31) -> 0 | BD31: =SUMIFS('11월'!$L:$L,'11월'!$F:$F,"C0000004",'11월'!$I:$I,BB31)+SUMIFS('11월'!$L:$L,'11월'!$F:$F,"C0000140",'11월'!$I:$I,BB31,'11월'!$T:$T,"??C*")+SUMIFS('11월'!$L:$L,'11월'!$F:$F,"C0000140",'11월'!$I:$I,BB31,'11월'!$T:$T,"??M*")+SUMIFS('11월'!$L:$L,'11월'!$F:$F,"C0000140",'11월'!$I:$I,BB31,'11월'!$T:$T,"??Z*")+SUMIFS('11월'!$L:$L,'11월'!$F:$F,"C0000142",'11월'!$I:$I,BB31) -> 0 | BE31: =IFERROR((BD31/BC31)-1,"") | BF31: =BD31+BD32 -> 0 | BG31: =IFERROR(DATE($B$7,BG$7,$B31),"") -> 46367 | BH31: =SUMIFS('12월'!$N:$N,'12월'!$F:$F,"C0000004",'12월'!$I:$I,BG31)+SUMIFS('12월'!$N:$N,'12월'!$F:$F,"C0000140",'12월'!$I:$I,BG31,'12월'!$T:$T,"??C*")+SUMIFS('12월'!$N:$N,'12월'!$F:$F,"C0000140",'12월'!$I:$I,BG31,'12월'!$T:$T,"??M*")+SUMIFS('12월'!$N:$N,'12월'!$F:$F,"C0000140",'12월'!$I:$I,BG31,'12월'!$T:$T,"??Z*")+SUMIFS('12월'!$N:$N,'12월'!$F:$F,"C0000142",'12월'!$I:$I,BG31) -> 0 | BI31: =SUMIFS('12월'!$L:$L,'12월'!$F:$F,"C0000004",'12월'!$I:$I,BG31)+SUMIFS('12월'!$L:$L,'12월'!$F:$F,"C0000140",'12월'!$I:$I,BG31,'12월'!$T:$T,"??C*")+SUMIFS('12월'!$L:$L,'12월'!$F:$F,"C0000140",'12월'!$I:$I,BG31,'12월'!$T:$T,"??M*")+SUMIFS('12월'!$L:$L,'12월'!$F:$F,"C0000140",'12월'!$I:$I,BG31,'12월'!$T:$T,"??Z*")+SUMIFS('12월'!$L:$L,'12월'!$F:$F,"C0000142",'12월'!$I:$I,BG31) -> 0 | BJ31: =IFERROR((BI31/BH31)-1,"") | BK31: =BI31+BI32 -> 0
C32: L | E32: =SUMIFS('1월'!$N:$N,'1월'!$F:$F,"*L*",'1월'!$I:$I,D31,'1월'!$S:$S,"윤준희") -> 0 | F32: =SUMIFS('1월'!$L:$L,'1월'!$F:$F,"*L*",'1월'!$I:$I,D31,'1월'!$S:$S,"윤준희") -> 0 | G32: =IFERROR((F32/E32)-1,"") | J32: =SUMIFS('2월'!$N:$N,'2월'!$F:$F,"*L*",'2월'!$I:$I,I31,'2월'!$S:$S,"윤준희") -> 0 | K32: =SUMIFS('2월'!$L:$L,'2월'!$F:$F,"*L*",'2월'!$I:$I,I31,'2월'!$S:$S,"윤준희") -> 0 | L32: =IFERROR((K32/J32)-1,"") | O32: =SUMIFS('3월'!$N:$N,'3월'!$F:$F,"*L*",'3월'!$I:$I,N31,'3월'!$S:$S,"윤준희") -> 0 | P32: =SUMIFS('3월'!$L:$L,'3월'!$F:$F,"*L*",'3월'!$I:$I,N31,'3월'!$S:$S,"윤준희") -> 0 | Q32: =IFERROR((P32/O32)-1,"") | T32: =SUMIFS('4월'!$N:$N,'4월'!$F:$F,"*L*",'4월'!$I:$I,S31,'4월'!$S:$S,"윤준희") -> 0 | U32: =SUMIFS('4월'!$L:$L,'4월'!$F:$F,"*L*",'4월'!$I:$I,S31,'4월'!$S:$S,"윤준희") -> 0 | V32: =IFERROR((U32/T32)-1,"") | Y32: =SUMIFS('5월'!$N:$N,'5월'!$F:$F,"*L*",'5월'!$I:$I,X31,'5월'!$S:$S,"윤준희") -> 0 | Z32: =SUMIFS('5월'!$L:$L,'5월'!$F:$F,"*L*",'5월'!$I:$I,X31,'5월'!$S:$S,"윤준희") -> 0 | AA32: =IFERROR((Z32/Y32)-1,"") | AD32: =SUMIFS('6월'!$N:$N,'6월'!$F:$F,"*L*",'6월'!$I:$I,AC31,'6월'!$S:$S,"윤준희") -> 0 | AE32: =SUMIFS('6월'!$L:$L,'6월'!$F:$F,"*L*",'6월'!$I:$I,AC31,'6월'!$S:$S,"윤준희")+SUMIFS('6월'!$L:$L,'6월'!$F:$F,"*L*",'6월'!$I:$I,AC31,'6월'!$S:$S,"윤준희") -> 0 | AF32: =IFERROR((AE32/AD32)-1,"") | AI32: =SUMIFS('7월'!$N:$N,'7월'!$F:$F,"*L*",'7월'!$I:$I,AH31,'7월'!$S:$S,"윤준희") -> 0 | AJ32: =SUMIFS('7월'!$L:$L,'7월'!$F:$F,"*L*",'7월'!$I:$I,AH31,'7월'!$S:$S,"윤준희") -> 0 | AK32: =IFERROR((AJ32/AI32)-1,"") | AN32: =SUMIFS('8월'!$N:$N,'8월'!$F:$F,"*L*",'8월'!$I:$I,AM31,'8월'!$S:$S,"윤준희") -> 0 | AO32: =SUMIFS('8월'!$L:$L,'8월'!$F:$F,"*L*",'8월'!$I:$I,AM31,'8월'!$S:$S,"윤준희") -> 0 | AP32: =IFERROR((AO32/AN32)-1,"") | AS32: =SUMIFS('9월'!$N:$N,'9월'!$F:$F,"*L*",'9월'!$I:$I,AR31,'9월'!$S:$S,"윤준희") -> 0 | AT32: =SUMIFS('9월'!$L:$L,'9월'!$F:$F,"*L*",'9월'!$I:$I,AR31,'9월'!$S:$S,"윤준희") -> 0 | AU32: =IFERROR((AT32/AS32)-1,"") | AX32: =SUMIFS('10월'!$N:$N,'10월'!$F:$F,"*L*",'10월'!$I:$I,AW31,'10월'!$S:$S,"윤준희") -> 0 | AY32: =SUMIFS('10월'!$L:$L,'10월'!$F:$F,"*L*",'10월'!$I:$I,AW31,'10월'!$S:$S,"윤준희") -> 0 | AZ32: =IFERROR((AY32/AX32)-1,"") | BC32: =SUMIFS('11월'!$N:$N,'11월'!$F:$F,"*L*",'11월'!$I:$I,BB31,'11월'!$S:$S,"윤준희") -> 0 | BD32: =SUMIFS('11월'!$L:$L,'11월'!$F:$F,"*L*",'11월'!$I:$I,BB31,'11월'!$S:$S,"윤준희") -> 0 | BE32: =IFERROR((BD32/BC32)-1,"") | BH32: =SUMIFS('12월'!$N:$N,'12월'!$F:$F,"*L*",'12월'!$I:$I,BG31,'12월'!$S:$S,"윤준희") -> 0 | BI32: =SUMIFS('12월'!$L:$L,'12월'!$F:$F,"*L*",'12월'!$I:$I,BG31,'12월'!$S:$S,"윤준희") -> 0 | BJ32: =IFERROR((BI32/BH32)-1,"")
B33: 12 | C33: C | D33: =IFERROR(DATE($B$7,$D$7,B33),"") -> 46034 | E33: =SUMIFS('1월'!$N:$N,'1월'!$F:$F,"C0000004",'1월'!$I:$I,D33)+SUMIFS('1월'!$N:$N,'1월'!$F:$F,"C0000140",'1월'!$I:$I,D33,'1월'!$T:$T,"??C*")+SUMIFS('1월'!$N:$N,'1월'!$F:$F,"C0000140",'1월'!$I:$I,D33,'1월'!$T:$T,"??M*")+SUMIFS('1월'!$N:$N,'1월'!$F:$F,"C0000140",'1월'!$I:$I,D33,'1월'!$T:$T,"??Z*")+SUMIFS('1월'!$N:$N,'1월'!$F:$F,"C0000142",'1월'!$I:$I,D33) -> 0 | F33: =SUMIFS('1월'!$L:$L,'1월'!$F:$F,"C0000004",'1월'!$I:$I,D33)+SUMIFS('1월'!$L:$L,'1월'!$F:$F,"C0000140",'1월'!$I:$I,D33,'1월'!$T:$T,"??C*")+SUMIFS('1월'!$L:$L,'1월'!$F:$F,"C0000140",'1월'!$I:$I,D33,'1월'!$T:$T,"??M*")+SUMIFS('1월'!$L:$L,'1월'!$F:$F,"C0000140",'1월'!$I:$I,D33,'1월'!$T:$T,"??Z*")+SUMIFS('1월'!$L:$L,'1월'!$F:$F,"C0000142",'1월'!$I:$I,D33) -> 0 | G33: =IFERROR((F33/E33)-1,"") | H33: =F33+F34 -> 0 | I33: =IFERROR(DATE($B$7,I$7,$B33),"") -> 46065 | J33: =SUMIFS('2월'!$N:$N,'2월'!$F:$F,"C0000004",'2월'!$I:$I,I33)+SUMIFS('2월'!$N:$N,'2월'!$F:$F,"C0000140",'2월'!$I:$I,I33,'2월'!$T:$T,"??C*")+SUMIFS('2월'!$N:$N,'2월'!$F:$F,"C0000140",'2월'!$I:$I,I33,'2월'!$T:$T,"??M*")+SUMIFS('2월'!$N:$N,'2월'!$F:$F,"C0000140",'2월'!$I:$I,I33,'2월'!$T:$T,"??Z*")+SUMIFS('2월'!$N:$N,'2월'!$F:$F,"C0000142",'2월'!$I:$I,I33) -> 0 | K33: =SUMIFS('2월'!$L:$L,'2월'!$F:$F,"C0000004",'2월'!$I:$I,I33)+SUMIFS('2월'!$L:$L,'2월'!$F:$F,"C0000140",'2월'!$I:$I,I33,'2월'!$T:$T,"??C*")+SUMIFS('2월'!$L:$L,'2월'!$F:$F,"C0000140",'2월'!$I:$I,I33,'2월'!$T:$T,"??M*")+SUMIFS('2월'!$L:$L,'2월'!$F:$F,"C0000140",'2월'!$I:$I,I33,'2월'!$T:$T,"??Z*")+SUMIFS('2월'!$L:$L,'2월'!$F:$F,"C0000142",'2월'!$I:$I,I33) -> 0 | L33: =IFERROR((K33/J33)-1,"") | M33: =K33+K34 -> 0 | N33: =IFERROR(DATE($B$7,N$7,$B33),"") -> 46093 | O33: =SUMIFS('3월'!$N:$N,'3월'!$F:$F,"C0000004",'3월'!$I:$I,N33)+SUMIFS('3월'!$N:$N,'3월'!$F:$F,"C0000140",'3월'!$I:$I,N33,'3월'!$T:$T,"??C*")+SUMIFS('3월'!$N:$N,'3월'!$F:$F,"C0000140",'3월'!$I:$I,N33,'3월'!$T:$T,"??M*")+SUMIFS('3월'!$N:$N,'3월'!$F:$F,"C0000140",'3월'!$I:$I,N33,'3월'!$T:$T,"??Z*")+SUMIFS('3월'!$N:$N,'3월'!$F:$F,"C0000142",'3월'!$I:$I,N33) -> 0 | P33: =SUMIFS('3월'!$L:$L,'3월'!$F:$F,"C0000004",'3월'!$I:$I,N33)+SUMIFS('3월'!$L:$L,'3월'!$F:$F,"C0000140",'3월'!$I:$I,N33,'3월'!$T:$T,"??C*")+SUMIFS('3월'!$L:$L,'3월'!$F:$F,"C0000140",'3월'!$I:$I,N33,'3월'!$T:$T,"??M*")+SUMIFS('3월'!$L:$L,'3월'!$F:$F,"C0000140",'3월'!$I:$I,N33,'3월'!$T:$T,"??Z*")+SUMIFS('3월'!$L:$L,'3월'!$F:$F,"C0000142",'3월'!$I:$I,N33) -> 0 | Q33: =IFERROR((P33/O33)-1,"") | R33: =P33+P34 -> 0 | S33: =IFERROR(DATE($B$7,S$7,$B33),"") -> 46124 | T33: =SUMIFS('4월'!$N:$N,'4월'!$F:$F,"C0000004",'4월'!$I:$I,S33)+SUMIFS('4월'!$N:$N,'4월'!$F:$F,"C0000140",'4월'!$I:$I,S33,'4월'!$T:$T,"??C*")+SUMIFS('4월'!$N:$N,'4월'!$F:$F,"C0000140",'4월'!$I:$I,S33,'4월'!$T:$T,"??M*")+SUMIFS('4월'!$N:$N,'4월'!$F:$F,"C0000140",'4월'!$I:$I,S33,'4월'!$T:$T,"??Z*")+SUMIFS('4월'!$N:$N,'4월'!$F:$F,"C0000142",'4월'!$I:$I,S33) -> 0 | U33: =SUMIFS('4월'!$L:$L,'4월'!$F:$F,"C0000004",'4월'!$I:$I,S33)+SUMIFS('4월'!$L:$L,'4월'!$F:$F,"C0000140",'4월'!$I:$I,S33,'4월'!$T:$T,"??C*")+SUMIFS('4월'!$L:$L,'4월'!$F:$F,"C0000140",'4월'!$I:$I,S33,'4월'!$T:$T,"??M*")+SUMIFS('4월'!$L:$L,'4월'!$F:$F,"C0000140",'4월'!$I:$I,S33,'4월'!$T:$T,"??Z*")+SUMIFS('4월'!$L:$L,'4월'!$F:$F,"C0000142",'4월'!$I:$I,S33) -> 0 | V33: =IFERROR((U33/T33)-1,"") | W33: =U33+U34 -> 0 | X33: =IFERROR(DATE($B$7,X$7,$B33),"") -> 46154 | Y33: =SUMIFS('5월'!$N:$N,'5월'!$F:$F,"C0000004",'5월'!$I:$I,X33)+SUMIFS('5월'!$N:$N,'5월'!$F:$F,"C0000140",'5월'!$I:$I,X33,'5월'!$T:$T,"??C*")+SUMIFS('5월'!$N:$N,'5월'!$F:$F,"C0000140",'5월'!$I:$I,X33,'5월'!$T:$T,"??M*")+SUMIFS('5월'!$N:$N,'5월'!$F:$F,"C0000140",'5월'!$I:$I,X33,'5월'!$T:$T,"??Z*")+SUMIFS('5월'!$N:$N,'5월'!$F:$F,"C0000142",'5월'!$I:$I,X33) -> 0 | Z33: =SUMIFS('5월'!$L:$L,'5월'!$F:$F,"C0000004",'5월'!$I:$I,X33)+SUMIFS('5월'!$L:$L,'5월'!$F:$F,"C0000140",'5월'!$I:$I,X33,'5월'!$T:$T,"??C*")+SUMIFS('5월'!$L:$L,'5월'!$F:$F,"C0000140",'5월'!$I:$I,X33,'5월'!$T:$T,"??M*")+SUMIFS('5월'!$L:$L,'5월'!$F:$F,"C0000140",'5월'!$I:$I,X33,'5월'!$T:$T,"??Z*")+SUMIFS('5월'!$L:$L,'5월'!$F:$F,"C0000142",'5월'!$I:$I,X33) -> 0 | AA33: =IFERROR((Z33/Y33)-1,"") | AB33: =Z33+Z34 -> 0 | AC33: =IFERROR(DATE($B$7,AC$7,$B33),"") -> 46185 | AD33: =SUMIFS('6월'!$N:$N,'6월'!$F:$F,"C0000004",'6월'!$I:$I,AC33)+SUMIFS('6월'!$N:$N,'6월'!$F:$F,"C0000140",'6월'!$I:$I,AC33,'6월'!$T:$T,"??C*")+SUMIFS('6월'!$N:$N,'6월'!$F:$F,"C0000140",'6월'!$I:$I,AC33,'6월'!$T:$T,"??M*")+SUMIFS('6월'!$N:$N,'6월'!$F:$F,"C0000140",'6월'!$I:$I,AC33,'6월'!$T:$T,"??Z*")+SUMIFS('6월'!$N:$N,'6월'!$F:$F,"C0000142",'6월'!$I:$I,AC33) -> 0 | AE33: =SUMIFS('6월'!$L:$L,'6월'!$F:$F,"C0000004",'6월'!$I:$I,AC33)+SUMIFS('6월'!$L:$L,'6월'!$F:$F,"C0000140",'6월'!$I:$I,AC33,'6월'!$T:$T,"??C*")+SUMIFS('6월'!$L:$L,'6월'!$F:$F,"C0000140",'6월'!$I:$I,AC33,'6월'!$T:$T,"??M*")+SUMIFS('6월'!$L:$L,'6월'!$F:$F,"C0000140",'6월'!$I:$I,AC33,'6월'!$T:$T,"??Z*")+SUMIFS('6월'!$L:$L,'6월'!$F:$F,"C0000142",'6월'!$I:$I,AC33) -> 0 | AF33: =IFERROR((AE33/AD33)-1,"") | AG33: =AE33+AE34 -> 0 | AH33: =IFERROR(DATE($B$7,AH$7,$B33),"") -> 46215 | AI33: =SUMIFS('7월'!$N:$N,'7월'!$F:$F,"C0000004",'7월'!$I:$I,AH33)+SUMIFS('7월'!$N:$N,'7월'!$F:$F,"C0000140",'7월'!$I:$I,AH33,'7월'!$T:$T,"??C*")+SUMIFS('7월'!$N:$N,'7월'!$F:$F,"C0000140",'7월'!$I:$I,AH33,'7월'!$T:$T,"??M*")+SUMIFS('7월'!$N:$N,'7월'!$F:$F,"C0000140",'7월'!$I:$I,AH33,'7월'!$T:$T,"??Z*")+SUMIFS('7월'!$N:$N,'7월'!$F:$F,"C0000142",'7월'!$I:$I,AH33) -> 0 | AJ33: =SUMIFS('7월'!$L:$L,'7월'!$F:$F,"C0000004",'7월'!$I:$I,AH33)+SUMIFS('7월'!$L:$L,'7월'!$F:$F,"C0000140",'7월'!$I:$I,AH33,'7월'!$T:$T,"??C*")+SUMIFS('7월'!$L:$L,'7월'!$F:$F,"C0000140",'7월'!$I:$I,AH33,'7월'!$T:$T,"??M*")+SUMIFS('7월'!$L:$L,'7월'!$F:$F,"C0000140",'7월'!$I:$I,AH33,'7월'!$T:$T,"??Z*")+SUMIFS('7월'!$L:$L,'7월'!$F:$F,"C0000142",'7월'!$I:$I,AH33) -> 0 | AK33: =IFERROR((AJ33/AI33)-1,"") | AL33: =AJ33+AJ34 -> 0 | AM33: =IFERROR(DATE($B$7,AM$7,$B33),"") -> 46246 | AN33: =SUMIFS('8월'!$N:$N,'8월'!$F:$F,"C0000004",'8월'!$I:$I,AM33)+SUMIFS('8월'!$N:$N,'8월'!$F:$F,"C0000140",'8월'!$I:$I,AM33,'8월'!$T:$T,"??C*")+SUMIFS('8월'!$N:$N,'8월'!$F:$F,"C0000140",'8월'!$I:$I,AM33,'8월'!$T:$T,"??M*")+SUMIFS('8월'!$N:$N,'8월'!$F:$F,"C0000140",'8월'!$I:$I,AM33,'8월'!$T:$T,"??Z*")+SUMIFS('8월'!$N:$N,'8월'!$F:$F,"C0000142",'8월'!$I:$I,AM33) -> 0 | AO33: =SUMIFS('8월'!$L:$L,'8월'!$F:$F,"C0000004",'8월'!$I:$I,AM33)+SUMIFS('8월'!$L:$L,'8월'!$F:$F,"C0000140",'8월'!$I:$I,AM33,'8월'!$T:$T,"??C*")+SUMIFS('8월'!$L:$L,'8월'!$F:$F,"C0000140",'8월'!$I:$I,AM33,'8월'!$T:$T,"??M*")+SUMIFS('8월'!$L:$L,'8월'!$F:$F,"C0000140",'8월'!$I:$I,AM33,'8월'!$T:$T,"??Z*")+SUMIFS('8월'!$L:$L,'8월'!$F:$F,"C0000142",'8월'!$I:$I,AM33) -> 0 | AP33: =IFERROR((AO33/AN33)-1,"") | AQ33: =AO33+AO34 -> 0 | AR33: =IFERROR(DATE($B$7,AR$7,$B33),"") -> 46277 | AS33: =SUMIFS('9월'!$N:$N,'9월'!$F:$F,"C0000004",'9월'!$I:$I,AR33)+SUMIFS('9월'!$N:$N,'9월'!$F:$F,"C0000140",'9월'!$I:$I,AR33,'9월'!$T:$T,"??C*")+SUMIFS('9월'!$N:$N,'9월'!$F:$F,"C0000140",'9월'!$I:$I,AR33,'9월'!$T:$T,"??M*")+SUMIFS('9월'!$N:$N,'9월'!$F:$F,"C0000140",'9월'!$I:$I,AR33,'9월'!$T:$T,"??Z*")+SUMIFS('9월'!$N:$N,'9월'!$F:$F,"C0000142",'9월'!$I:$I,AR33) -> 0 | AT33: =SUMIFS('9월'!$L:$L,'9월'!$F:$F,"C0000004",'9월'!$I:$I,AR33)+SUMIFS('9월'!$L:$L,'9월'!$F:$F,"C0000140",'9월'!$I:$I,AR33,'9월'!$T:$T,"??C*")+SUMIFS('9월'!$L:$L,'9월'!$F:$F,"C0000140",'9월'!$I:$I,AR33,'9월'!$T:$T,"??M*")+SUMIFS('9월'!$L:$L,'9월'!$F:$F,"C0000140",'9월'!$I:$I,AR33,'9월'!$T:$T,"??Z*")+SUMIFS('9월'!$L:$L,'9월'!$F:$F,"C0000142",'9월'!$I:$I,AR33) -> 0 | AU33: =IFERROR((AT33/AS33)-1,"") | AV33: =AT33+AT34 -> 0 | AW33: =IFERROR(DATE($B$7,AW$7,$B33),"") -> 46307 | AX33: =SUMIFS('10월'!$N:$N,'10월'!$F:$F,"C0000004",'10월'!$I:$I,AW33)+SUMIFS('10월'!$N:$N,'10월'!$F:$F,"C0000140",'10월'!$I:$I,AW33,'10월'!$T:$T,"??C*")+SUMIFS('10월'!$N:$N,'10월'!$F:$F,"C0000140",'10월'!$I:$I,AW33,'10월'!$T:$T,"??M*")+SUMIFS('10월'!$N:$N,'10월'!$F:$F,"C0000140",'10월'!$I:$I,AW33,'10월'!$T:$T,"??Z*")+SUMIFS('10월'!$N:$N,'10월'!$F:$F,"C0000142",'10월'!$I:$I,AW33) -> 0 | AY33: =SUMIFS('10월'!$L:$L,'10월'!$F:$F,"C0000004",'10월'!$I:$I,AW33)+SUMIFS('10월'!$L:$L,'10월'!$F:$F,"C0000140",'10월'!$I:$I,AW33,'10월'!$T:$T,"??C*")+SUMIFS('10월'!$L:$L,'10월'!$F:$F,"C0000140",'10월'!$I:$I,AW33,'10월'!$T:$T,"??M*")+SUMIFS('10월'!$L:$L,'10월'!$F:$F,"C0000140",'10월'!$I:$I,AW33,'10월'!$T:$T,"??Z*")+SUMIFS('10월'!$L:$L,'10월'!$F:$F,"C0000142",'10월'!$I:$I,AW33) -> 0 | AZ33: =IFERROR((AY33/AX33)-1,"") | BA33: =AY33+AY34 -> 0 | BB33: =IFERROR(DATE($B$7,BB$7,$B33),"") -> 46338 | BC33: =SUMIFS('11월'!$N:$N,'11월'!$F:$F,"C0000004",'11월'!$I:$I,BB33)+SUMIFS('11월'!$N:$N,'11월'!$F:$F,"C0000140",'11월'!$I:$I,BB33,'11월'!$T:$T,"??C*")+SUMIFS('11월'!$N:$N,'11월'!$F:$F,"C0000140",'11월'!$I:$I,BB33,'11월'!$T:$T,"??M*")+SUMIFS('11월'!$N:$N,'11월'!$F:$F,"C0000140",'11월'!$I:$I,BB33,'11월'!$T:$T,"??Z*")+SUMIFS('11월'!$N:$N,'11월'!$F:$F,"C0000142",'11월'!$I:$I,BB33) -> 0 | BD33: =SUMIFS('11월'!$L:$L,'11월'!$F:$F,"C0000004",'11월'!$I:$I,BB33)+SUMIFS('11월'!$L:$L,'11월'!$F:$F,"C0000140",'11월'!$I:$I,BB33,'11월'!$T:$T,"??C*")+SUMIFS('11월'!$L:$L,'11월'!$F:$F,"C0000140",'11월'!$I:$I,BB33,'11월'!$T:$T,"??M*")+SUMIFS('11월'!$L:$L,'11월'!$F:$F,"C0000140",'11월'!$I:$I,BB33,'11월'!$T:$T,"??Z*")+SUMIFS('11월'!$L:$L,'11월'!$F:$F,"C0000142",'11월'!$I:$I,BB33) -> 0 | BE33: =IFERROR((BD33/BC33)-1,"") | BF33: =BD33+BD34 -> 0 | BG33: =IFERROR(DATE($B$7,BG$7,$B33),"") -> 46368 | BH33: =SUMIFS('12월'!$N:$N,'12월'!$F:$F,"C0000004",'12월'!$I:$I,BG33)+SUMIFS('12월'!$N:$N,'12월'!$F:$F,"C0000140",'12월'!$I:$I,BG33,'12월'!$T:$T,"??C*")+SUMIFS('12월'!$N:$N,'12월'!$F:$F,"C0000140",'12월'!$I:$I,BG33,'12월'!$T:$T,"??M*")+SUMIFS('12월'!$N:$N,'12월'!$F:$F,"C0000140",'12월'!$I:$I,BG33,'12월'!$T:$T,"??Z*")+SUMIFS('12월'!$N:$N,'12월'!$F:$F,"C0000142",'12월'!$I:$I,BG33) -> 0 | BI33: =SUMIFS('12월'!$L:$L,'12월'!$F:$F,"C0000004",'12월'!$I:$I,BG33)+SUMIFS('12월'!$L:$L,'12월'!$F:$F,"C0000140",'12월'!$I:$I,BG33,'12월'!$T:$T,"??C*")+SUMIFS('12월'!$L:$L,'12월'!$F:$F,"C0000140",'12월'!$I:$I,BG33,'12월'!$T:$T,"??M*")+SUMIFS('12월'!$L:$L,'12월'!$F:$F,"C0000140",'12월'!$I:$I,BG33,'12월'!$T:$T,"??Z*")+SUMIFS('12월'!$L:$L,'12월'!$F:$F,"C0000142",'12월'!$I:$I,BG33) -> 0 | BJ33: =IFERROR((BI33/BH33)-1,"") | BK33: =BI33+BI34 -> 0
C34: L | E34: =SUMIFS('1월'!$N:$N,'1월'!$F:$F,"*L*",'1월'!$I:$I,D33,'1월'!$S:$S,"윤준희") -> 0 | F34: =SUMIFS('1월'!$L:$L,'1월'!$F:$F,"*L*",'1월'!$I:$I,D33,'1월'!$S:$S,"윤준희") -> 0 | G34: =IFERROR((F34/E34)-1,"") | J34: =SUMIFS('2월'!$N:$N,'2월'!$F:$F,"*L*",'2월'!$I:$I,I33,'2월'!$S:$S,"윤준희") -> 0 | K34: =SUMIFS('2월'!$L:$L,'2월'!$F:$F,"*L*",'2월'!$I:$I,I33,'2월'!$S:$S,"윤준희") -> 0 | L34: =IFERROR((K34/J34)-1,"") | O34: =SUMIFS('3월'!$N:$N,'3월'!$F:$F,"*L*",'3월'!$I:$I,N33,'3월'!$S:$S,"윤준희") -> 0 | P34: =SUMIFS('3월'!$L:$L,'3월'!$F:$F,"*L*",'3월'!$I:$I,N33,'3월'!$S:$S,"윤준희") -> 0 | Q34: =IFERROR((P34/O34)-1,"") | T34: =SUMIFS('4월'!$N:$N,'4월'!$F:$F,"*L*",'4월'!$I:$I,S33,'4월'!$S:$S,"윤준희") -> 0 | U34: =SUMIFS('4월'!$L:$L,'4월'!$F:$F,"*L*",'4월'!$I:$I,S33,'4월'!$S:$S,"윤준희") -> 0 | V34: =IFERROR((U34/T34)-1,"") | Y34: =SUMIFS('5월'!$N:$N,'5월'!$F:$F,"*L*",'5월'!$I:$I,X33,'5월'!$S:$S,"윤준희") -> 0 | Z34: =SUMIFS('5월'!$L:$L,'5월'!$F:$F,"*L*",'5월'!$I:$I,X33,'5월'!$S:$S,"윤준희") -> 0 | AA34: =IFERROR((Z34/Y34)-1,"") | AD34: =SUMIFS('6월'!$N:$N,'6월'!$F:$F,"*L*",'6월'!$I:$I,AC33,'6월'!$S:$S,"윤준희") -> 0 | AE34: =SUMIFS('6월'!$L:$L,'6월'!$F:$F,"*L*",'6월'!$I:$I,AC33,'6월'!$S:$S,"윤준희")+SUMIFS('6월'!$L:$L,'6월'!$F:$F,"*L*",'6월'!$I:$I,AC33,'6월'!$S:$S,"윤준희") -> 0 | AF34: =IFERROR((AE34/AD34)-1,"") | AI34: =SUMIFS('7월'!$N:$N,'7월'!$F:$F,"*L*",'7월'!$I:$I,AH33,'7월'!$S:$S,"윤준희") -> 0 | AJ34: =SUMIFS('7월'!$L:$L,'7월'!$F:$F,"*L*",'7월'!$I:$I,AH33,'7월'!$S:$S,"윤준희") -> 0 | AK34: =IFERROR((AJ34/AI34)-1,"") | AN34: =SUMIFS('8월'!$N:$N,'8월'!$F:$F,"*L*",'8월'!$I:$I,AM33,'8월'!$S:$S,"윤준희") -> 0 | AO34: =SUMIFS('8월'!$L:$L,'8월'!$F:$F,"*L*",'8월'!$I:$I,AM33,'8월'!$S:$S,"윤준희") -> 0 | AP34: =IFERROR((AO34/AN34)-1,"") | AS34: =SUMIFS('9월'!$N:$N,'9월'!$F:$F,"*L*",'9월'!$I:$I,AR33,'9월'!$S:$S,"윤준희") -> 0 | AT34: =SUMIFS('9월'!$L:$L,'9월'!$F:$F,"*L*",'9월'!$I:$I,AR33,'9월'!$S:$S,"윤준희") -> 0 | AU34: =IFERROR((AT34/AS34)-1,"") | AX34: =SUMIFS('10월'!$N:$N,'10월'!$F:$F,"*L*",'10월'!$I:$I,AW33,'10월'!$S:$S,"윤준희") -> 0 | AY34: =SUMIFS('10월'!$L:$L,'10월'!$F:$F,"*L*",'10월'!$I:$I,AW33,'10월'!$S:$S,"윤준희") -> 0 | AZ34: =IFERROR((AY34/AX34)-1,"") | BC34: =SUMIFS('11월'!$N:$N,'11월'!$F:$F,"*L*",'11월'!$I:$I,BB33,'11월'!$S:$S,"윤준희") -> 0 | BD34: =SUMIFS('11월'!$L:$L,'11월'!$F:$F,"*L*",'11월'!$I:$I,BB33,'11월'!$S:$S,"윤준희") -> 0 | BE34: =IFERROR((BD34/BC34)-1,"") | BH34: =SUMIFS('12월'!$N:$N,'12월'!$F:$F,"*L*",'12월'!$I:$I,BG33,'12월'!$S:$S,"윤준희") -> 0 | BI34: =SUMIFS('12월'!$L:$L,'12월'!$F:$F,"*L*",'12월'!$I:$I,BG33,'12월'!$S:$S,"윤준희") -> 0 | BJ34: =IFERROR((BI34/BH34)-1,"")
B35: 13 | C35: C | D35: =IFERROR(DATE($B$7,$D$7,B35),"") -> 46035 | E35: =SUMIFS('1월'!$N:$N,'1월'!$F:$F,"C0000004",'1월'!$I:$I,D35)+SUMIFS('1월'!$N:$N,'1월'!$F:$F,"C0000140",'1월'!$I:$I,D35,'1월'!$T:$T,"??C*")+SUMIFS('1월'!$N:$N,'1월'!$F:$F,"C0000140",'1월'!$I:$I,D35,'1월'!$T:$T,"??M*")+SUMIFS('1월'!$N:$N,'1월'!$F:$F,"C0000140",'1월'!$I:$I,D35,'1월'!$T:$T,"??Z*")+SUMIFS('1월'!$N:$N,'1월'!$F:$F,"C0000142",'1월'!$I:$I,D35) -> 0 | F35: =SUMIFS('1월'!$L:$L,'1월'!$F:$F,"C0000004",'1월'!$I:$I,D35)+SUMIFS('1월'!$L:$L,'1월'!$F:$F,"C0000140",'1월'!$I:$I,D35,'1월'!$T:$T,"??C*")+SUMIFS('1월'!$L:$L,'1월'!$F:$F,"C0000140",'1월'!$I:$I,D35,'1월'!$T:$T,"??M*")+SUMIFS('1월'!$L:$L,'1월'!$F:$F,"C0000140",'1월'!$I:$I,D35,'1월'!$T:$T,"??Z*")+SUMIFS('1월'!$L:$L,'1월'!$F:$F,"C0000142",'1월'!$I:$I,D35) -> 0 | G35: =IFERROR((F35/E35)-1,"") | H35: =F35+F36 -> 0 | I35: =IFERROR(DATE($B$7,I$7,$B35),"") -> 46066 | J35: =SUMIFS('2월'!$N:$N,'2월'!$F:$F,"C0000004",'2월'!$I:$I,I35)+SUMIFS('2월'!$N:$N,'2월'!$F:$F,"C0000140",'2월'!$I:$I,I35,'2월'!$T:$T,"??C*")+SUMIFS('2월'!$N:$N,'2월'!$F:$F,"C0000140",'2월'!$I:$I,I35,'2월'!$T:$T,"??M*")+SUMIFS('2월'!$N:$N,'2월'!$F:$F,"C0000140",'2월'!$I:$I,I35,'2월'!$T:$T,"??Z*")+SUMIFS('2월'!$N:$N,'2월'!$F:$F,"C0000142",'2월'!$I:$I,I35) -> 0 | K35: =SUMIFS('2월'!$L:$L,'2월'!$F:$F,"C0000004",'2월'!$I:$I,I35)+SUMIFS('2월'!$L:$L,'2월'!$F:$F,"C0000140",'2월'!$I:$I,I35,'2월'!$T:$T,"??C*")+SUMIFS('2월'!$L:$L,'2월'!$F:$F,"C0000140",'2월'!$I:$I,I35,'2월'!$T:$T,"??M*")+SUMIFS('2월'!$L:$L,'2월'!$F:$F,"C0000140",'2월'!$I:$I,I35,'2월'!$T:$T,"??Z*")+SUMIFS('2월'!$L:$L,'2월'!$F:$F,"C0000142",'2월'!$I:$I,I35) -> 0 | L35: =IFERROR((K35/J35)-1,"") | M35: =K35+K36 -> 0 | N35: =IFERROR(DATE($B$7,N$7,$B35),"") -> 46094 | O35: =SUMIFS('3월'!$N:$N,'3월'!$F:$F,"C0000004",'3월'!$I:$I,N35)+SUMIFS('3월'!$N:$N,'3월'!$F:$F,"C0000140",'3월'!$I:$I,N35,'3월'!$T:$T,"??C*")+SUMIFS('3월'!$N:$N,'3월'!$F:$F,"C0000140",'3월'!$I:$I,N35,'3월'!$T:$T,"??M*")+SUMIFS('3월'!$N:$N,'3월'!$F:$F,"C0000140",'3월'!$I:$I,N35,'3월'!$T:$T,"??Z*")+SUMIFS('3월'!$N:$N,'3월'!$F:$F,"C0000142",'3월'!$I:$I,N35) -> 0 | P35: =SUMIFS('3월'!$L:$L,'3월'!$F:$F,"C0000004",'3월'!$I:$I,N35)+SUMIFS('3월'!$L:$L,'3월'!$F:$F,"C0000140",'3월'!$I:$I,N35,'3월'!$T:$T,"??C*")+SUMIFS('3월'!$L:$L,'3월'!$F:$F,"C0000140",'3월'!$I:$I,N35,'3월'!$T:$T,"??M*")+SUMIFS('3월'!$L:$L,'3월'!$F:$F,"C0000140",'3월'!$I:$I,N35,'3월'!$T:$T,"??Z*")+SUMIFS('3월'!$L:$L,'3월'!$F:$F,"C0000142",'3월'!$I:$I,N35) -> 0 | Q35: =IFERROR((P35/O35)-1,"") | R35: =P35+P36 -> 0 | S35: =IFERROR(DATE($B$7,S$7,$B35),"") -> 46125 | T35: =SUMIFS('4월'!$N:$N,'4월'!$F:$F,"C0000004",'4월'!$I:$I,S35)+SUMIFS('4월'!$N:$N,'4월'!$F:$F,"C0000140",'4월'!$I:$I,S35,'4월'!$T:$T,"??C*")+SUMIFS('4월'!$N:$N,'4월'!$F:$F,"C0000140",'4월'!$I:$I,S35,'4월'!$T:$T,"??M*")+SUMIFS('4월'!$N:$N,'4월'!$F:$F,"C0000140",'4월'!$I:$I,S35,'4월'!$T:$T,"??Z*")+SUMIFS('4월'!$N:$N,'4월'!$F:$F,"C0000142",'4월'!$I:$I,S35) -> 0 | U35: =SUMIFS('4월'!$L:$L,'4월'!$F:$F,"C0000004",'4월'!$I:$I,S35)+SUMIFS('4월'!$L:$L,'4월'!$F:$F,"C0000140",'4월'!$I:$I,S35,'4월'!$T:$T,"??C*")+SUMIFS('4월'!$L:$L,'4월'!$F:$F,"C0000140",'4월'!$I:$I,S35,'4월'!$T:$T,"??M*")+SUMIFS('4월'!$L:$L,'4월'!$F:$F,"C0000140",'4월'!$I:$I,S35,'4월'!$T:$T,"??Z*")+SUMIFS('4월'!$L:$L,'4월'!$F:$F,"C0000142",'4월'!$I:$I,S35) -> 0 | V35: =IFERROR((U35/T35)-1,"") | W35: =U35+U36 -> 0 | X35: =IFERROR(DATE($B$7,X$7,$B35),"") -> 46155 | Y35: =SUMIFS('5월'!$N:$N,'5월'!$F:$F,"C0000004",'5월'!$I:$I,X35)+SUMIFS('5월'!$N:$N,'5월'!$F:$F,"C0000140",'5월'!$I:$I,X35,'5월'!$T:$T,"??C*")+SUMIFS('5월'!$N:$N,'5월'!$F:$F,"C0000140",'5월'!$I:$I,X35,'5월'!$T:$T,"??M*")+SUMIFS('5월'!$N:$N,'5월'!$F:$F,"C0000140",'5월'!$I:$I,X35,'5월'!$T:$T,"??Z*")+SUMIFS('5월'!$N:$N,'5월'!$F:$F,"C0000142",'5월'!$I:$I,X35) -> 0 | Z35: =SUMIFS('5월'!$L:$L,'5월'!$F:$F,"C0000004",'5월'!$I:$I,X35)+SUMIFS('5월'!$L:$L,'5월'!$F:$F,"C0000140",'5월'!$I:$I,X35,'5월'!$T:$T,"??C*")+SUMIFS('5월'!$L:$L,'5월'!$F:$F,"C0000140",'5월'!$I:$I,X35,'5월'!$T:$T,"??M*")+SUMIFS('5월'!$L:$L,'5월'!$F:$F,"C0000140",'5월'!$I:$I,X35,'5월'!$T:$T,"??Z*")+SUMIFS('5월'!$L:$L,'5월'!$F:$F,"C0000142",'5월'!$I:$I,X35) -> 0 | AA35: =IFERROR((Z35/Y35)-1,"") | AB35: =Z35+Z36 -> 0 | AC35: =IFERROR(DATE($B$7,AC$7,$B35),"") -> 46186 | AD35: =SUMIFS('6월'!$N:$N,'6월'!$F:$F,"C0000004",'6월'!$I:$I,AC35)+SUMIFS('6월'!$N:$N,'6월'!$F:$F,"C0000140",'6월'!$I:$I,AC35,'6월'!$T:$T,"??C*")+SUMIFS('6월'!$N:$N,'6월'!$F:$F,"C0000140",'6월'!$I:$I,AC35,'6월'!$T:$T,"??M*")+SUMIFS('6월'!$N:$N,'6월'!$F:$F,"C0000140",'6월'!$I:$I,AC35,'6월'!$T:$T,"??Z*")+SUMIFS('6월'!$N:$N,'6월'!$F:$F,"C0000142",'6월'!$I:$I,AC35) -> 0 | AE35: =SUMIFS('6월'!$L:$L,'6월'!$F:$F,"C0000004",'6월'!$I:$I,AC35)+SUMIFS('6월'!$L:$L,'6월'!$F:$F,"C0000140",'6월'!$I:$I,AC35,'6월'!$T:$T,"??C*")+SUMIFS('6월'!$L:$L,'6월'!$F:$F,"C0000140",'6월'!$I:$I,AC35,'6월'!$T:$T,"??M*")+SUMIFS('6월'!$L:$L,'6월'!$F:$F,"C0000140",'6월'!$I:$I,AC35,'6월'!$T:$T,"??Z*")+SUMIFS('6월'!$L:$L,'6월'!$F:$F,"C0000142",'6월'!$I:$I,AC35) -> 0 | AF35: =IFERROR((AE35/AD35)-1,"") | AG35: =AE35+AE36 -> 0 | AH35: =IFERROR(DATE($B$7,AH$7,$B35),"") -> 46216 | AI35: =SUMIFS('7월'!$N:$N,'7월'!$F:$F,"C0000004",'7월'!$I:$I,AH35)+SUMIFS('7월'!$N:$N,'7월'!$F:$F,"C0000140",'7월'!$I:$I,AH35,'7월'!$T:$T,"??C*")+SUMIFS('7월'!$N:$N,'7월'!$F:$F,"C0000140",'7월'!$I:$I,AH35,'7월'!$T:$T,"??M*")+SUMIFS('7월'!$N:$N,'7월'!$F:$F,"C0000140",'7월'!$I:$I,AH35,'7월'!$T:$T,"??Z*")+SUMIFS('7월'!$N:$N,'7월'!$F:$F,"C0000142",'7월'!$I:$I,AH35) -> 0 | AJ35: =SUMIFS('7월'!$L:$L,'7월'!$F:$F,"C0000004",'7월'!$I:$I,AH35)+SUMIFS('7월'!$L:$L,'7월'!$F:$F,"C0000140",'7월'!$I:$I,AH35,'7월'!$T:$T,"??C*")+SUMIFS('7월'!$L:$L,'7월'!$F:$F,"C0000140",'7월'!$I:$I,AH35,'7월'!$T:$T,"??M*")+SUMIFS('7월'!$L:$L,'7월'!$F:$F,"C0000140",'7월'!$I:$I,AH35,'7월'!$T:$T,"??Z*")+SUMIFS('7월'!$L:$L,'7월'!$F:$F,"C0000142",'7월'!$I:$I,AH35) -> 0 | AK35: =IFERROR((AJ35/AI35)-1,"") | AL35: =AJ35+AJ36 -> 0 | AM35: =IFERROR(DATE($B$7,AM$7,$B35),"") -> 46247 | AN35: =SUMIFS('8월'!$N:$N,'8월'!$F:$F,"C0000004",'8월'!$I:$I,AM35)+SUMIFS('8월'!$N:$N,'8월'!$F:$F,"C0000140",'8월'!$I:$I,AM35,'8월'!$T:$T,"??C*")+SUMIFS('8월'!$N:$N,'8월'!$F:$F,"C0000140",'8월'!$I:$I,AM35,'8월'!$T:$T,"??M*")+SUMIFS('8월'!$N:$N,'8월'!$F:$F,"C0000140",'8월'!$I:$I,AM35,'8월'!$T:$T,"??Z*")+SUMIFS('8월'!$N:$N,'8월'!$F:$F,"C0000142",'8월'!$I:$I,AM35) -> 0 | AO35: =SUMIFS('8월'!$L:$L,'8월'!$F:$F,"C0000004",'8월'!$I:$I,AM35)+SUMIFS('8월'!$L:$L,'8월'!$F:$F,"C0000140",'8월'!$I:$I,AM35,'8월'!$T:$T,"??C*")+SUMIFS('8월'!$L:$L,'8월'!$F:$F,"C0000140",'8월'!$I:$I,AM35,'8월'!$T:$T,"??M*")+SUMIFS('8월'!$L:$L,'8월'!$F:$F,"C0000140",'8월'!$I:$I,AM35,'8월'!$T:$T,"??Z*")+SUMIFS('8월'!$L:$L,'8월'!$F:$F,"C0000142",'8월'!$I:$I,AM35) -> 0 | AP35: =IFERROR((AO35/AN35)-1,"") | AQ35: =AO35+AO36 -> 0 | AR35: =IFERROR(DATE($B$7,AR$7,$B35),"") -> 46278 | AS35: =SUMIFS('9월'!$N:$N,'9월'!$F:$F,"C0000004",'9월'!$I:$I,AR35)+SUMIFS('9월'!$N:$N,'9월'!$F:$F,"C0000140",'9월'!$I:$I,AR35,'9월'!$T:$T,"??C*")+SUMIFS('9월'!$N:$N,'9월'!$F:$F,"C0000140",'9월'!$I:$I,AR35,'9월'!$T:$T,"??M*")+SUMIFS('9월'!$N:$N,'9월'!$F:$F,"C0000140",'9월'!$I:$I,AR35,'9월'!$T:$T,"??Z*")+SUMIFS('9월'!$N:$N,'9월'!$F:$F,"C0000142",'9월'!$I:$I,AR35) -> 0 | AT35: =SUMIFS('9월'!$L:$L,'9월'!$F:$F,"C0000004",'9월'!$I:$I,AR35)+SUMIFS('9월'!$L:$L,'9월'!$F:$F,"C0000140",'9월'!$I:$I,AR35,'9월'!$T:$T,"??C*")+SUMIFS('9월'!$L:$L,'9월'!$F:$F,"C0000140",'9월'!$I:$I,AR35,'9월'!$T:$T,"??M*")+SUMIFS('9월'!$L:$L,'9월'!$F:$F,"C0000140",'9월'!$I:$I,AR35,'9월'!$T:$T,"??Z*")+SUMIFS('9월'!$L:$L,'9월'!$F:$F,"C0000142",'9월'!$I:$I,AR35) -> 0 | AU35: =IFERROR((AT35/AS35)-1,"") | AV35: =AT35+AT36 -> 0 | AW35: =IFERROR(DATE($B$7,AW$7,$B35),"") -> 46308 | AX35: =SUMIFS('10월'!$N:$N,'10월'!$F:$F,"C0000004",'10월'!$I:$I,AW35)+SUMIFS('10월'!$N:$N,'10월'!$F:$F,"C0000140",'10월'!$I:$I,AW35,'10월'!$T:$T,"??C*")+SUMIFS('10월'!$N:$N,'10월'!$F:$F,"C0000140",'10월'!$I:$I,AW35,'10월'!$T:$T,"??M*")+SUMIFS('10월'!$N:$N,'10월'!$F:$F,"C0000140",'10월'!$I:$I,AW35,'10월'!$T:$T,"??Z*")+SUMIFS('10월'!$N:$N,'10월'!$F:$F,"C0000142",'10월'!$I:$I,AW35) -> 0 | AY35: =SUMIFS('10월'!$L:$L,'10월'!$F:$F,"C0000004",'10월'!$I:$I,AW35)+SUMIFS('10월'!$L:$L,'10월'!$F:$F,"C0000140",'10월'!$I:$I,AW35,'10월'!$T:$T,"??C*")+SUMIFS('10월'!$L:$L,'10월'!$F:$F,"C0000140",'10월'!$I:$I,AW35,'10월'!$T:$T,"??M*")+SUMIFS('10월'!$L:$L,'10월'!$F:$F,"C0000140",'10월'!$I:$I,AW35,'10월'!$T:$T,"??Z*")+SUMIFS('10월'!$L:$L,'10월'!$F:$F,"C0000142",'10월'!$I:$I,AW35) -> 0 | AZ35: =IFERROR((AY35/AX35)-1,"") | BA35: =AY35+AY36 -> 0 | BB35: =IFERROR(DATE($B$7,BB$7,$B35),"") -> 46339 | BC35: =SUMIFS('11월'!$N:$N,'11월'!$F:$F,"C0000004",'11월'!$I:$I,BB35)+SUMIFS('11월'!$N:$N,'11월'!$F:$F,"C0000140",'11월'!$I:$I,BB35,'11월'!$T:$T,"??C*")+SUMIFS('11월'!$N:$N,'11월'!$F:$F,"C0000140",'11월'!$I:$I,BB35,'11월'!$T:$T,"??M*")+SUMIFS('11월'!$N:$N,'11월'!$F:$F,"C0000140",'11월'!$I:$I,BB35,'11월'!$T:$T,"??Z*")+SUMIFS('11월'!$N:$N,'11월'!$F:$F,"C0000142",'11월'!$I:$I,BB35) -> 0 | BD35: =SUMIFS('11월'!$L:$L,'11월'!$F:$F,"C0000004",'11월'!$I:$I,BB35)+SUMIFS('11월'!$L:$L,'11월'!$F:$F,"C0000140",'11월'!$I:$I,BB35,'11월'!$T:$T,"??C*")+SUMIFS('11월'!$L:$L,'11월'!$F:$F,"C0000140",'11월'!$I:$I,BB35,'11월'!$T:$T,"??M*")+SUMIFS('11월'!$L:$L,'11월'!$F:$F,"C0000140",'11월'!$I:$I,BB35,'11월'!$T:$T,"??Z*")+SUMIFS('11월'!$L:$L,'11월'!$F:$F,"C0000142",'11월'!$I:$I,BB35) -> 0 | BE35: =IFERROR((BD35/BC35)-1,"") | BF35: =BD35+BD36 -> 0 | BG35: =IFERROR(DATE($B$7,BG$7,$B35),"") -> 46369 | BH35: =SUMIFS('12월'!$N:$N,'12월'!$F:$F,"C0000004",'12월'!$I:$I,BG35)+SUMIFS('12월'!$N:$N,'12월'!$F:$F,"C0000140",'12월'!$I:$I,BG35,'12월'!$T:$T,"??C*")+SUMIFS('12월'!$N:$N,'12월'!$F:$F,"C0000140",'12월'!$I:$I,BG35,'12월'!$T:$T,"??M*")+SUMIFS('12월'!$N:$N,'12월'!$F:$F,"C0000140",'12월'!$I:$I,BG35,'12월'!$T:$T,"??Z*")+SUMIFS('12월'!$N:$N,'12월'!$F:$F,"C0000142",'12월'!$I:$I,BG35) -> 0 | BI35: =SUMIFS('12월'!$L:$L,'12월'!$F:$F,"C0000004",'12월'!$I:$I,BG35)+SUMIFS('12월'!$L:$L,'12월'!$F:$F,"C0000140",'12월'!$I:$I,BG35,'12월'!$T:$T,"??C*")+SUMIFS('12월'!$L:$L,'12월'!$F:$F,"C0000140",'12월'!$I:$I,BG35,'12월'!$T:$T,"??M*")+SUMIFS('12월'!$L:$L,'12월'!$F:$F,"C0000140",'12월'!$I:$I,BG35,'12월'!$T:$T,"??Z*")+SUMIFS('12월'!$L:$L,'12월'!$F:$F,"C0000142",'12월'!$I:$I,BG35) -> 0 | BJ35: =IFERROR((BI35/BH35)-1,"") | BK35: =BI35+BI36 -> 0
C36: L | E36: =SUMIFS('1월'!$N:$N,'1월'!$F:$F,"*L*",'1월'!$I:$I,D35,'1월'!$S:$S,"윤준희") -> 0 | F36: =SUMIFS('1월'!$L:$L,'1월'!$F:$F,"*L*",'1월'!$I:$I,D35,'1월'!$S:$S,"윤준희") -> 0 | G36: =IFERROR((F36/E36)-1,"") | J36: =SUMIFS('2월'!$N:$N,'2월'!$F:$F,"*L*",'2월'!$I:$I,I35,'2월'!$S:$S,"윤준희") -> 0 | K36: =SUMIFS('2월'!$L:$L,'2월'!$F:$F,"*L*",'2월'!$I:$I,I35,'2월'!$S:$S,"윤준희") -> 0 | L36: =IFERROR((K36/J36)-1,"") | O36: =SUMIFS('3월'!$N:$N,'3월'!$F:$F,"*L*",'3월'!$I:$I,N35,'3월'!$S:$S,"윤준희") -> 0 | P36: =SUMIFS('3월'!$L:$L,'3월'!$F:$F,"*L*",'3월'!$I:$I,N35,'3월'!$S:$S,"윤준희") -> 0 | Q36: =IFERROR((P36/O36)-1,"") | T36: =SUMIFS('4월'!$N:$N,'4월'!$F:$F,"*L*",'4월'!$I:$I,S35,'4월'!$S:$S,"윤준희") -> 0 | U36: =SUMIFS('4월'!$L:$L,'4월'!$F:$F,"*L*",'4월'!$I:$I,S35,'4월'!$S:$S,"윤준희") -> 0 | V36: =IFERROR((U36/T36)-1,"") | Y36: =SUMIFS('5월'!$N:$N,'5월'!$F:$F,"*L*",'5월'!$I:$I,X35,'5월'!$S:$S,"윤준희") -> 0 | Z36: =SUMIFS('5월'!$L:$L,'5월'!$F:$F,"*L*",'5월'!$I:$I,X35,'5월'!$S:$S,"윤준희") -> 0 | AA36: =IFERROR((Z36/Y36)-1,"") | AD36: =SUMIFS('6월'!$N:$N,'6월'!$F:$F,"*L*",'6월'!$I:$I,AC35,'6월'!$S:$S,"윤준희") -> 0 | AE36: =SUMIFS('6월'!$L:$L,'6월'!$F:$F,"*L*",'6월'!$I:$I,AC35,'6월'!$S:$S,"윤준희")+SUMIFS('6월'!$L:$L,'6월'!$F:$F,"*L*",'6월'!$I:$I,AC35,'6월'!$S:$S,"윤준희") -> 0 | AF36: =IFERROR((AE36/AD36)-1,"") | AI36: =SUMIFS('7월'!$N:$N,'7월'!$F:$F,"*L*",'7월'!$I:$I,AH35,'7월'!$S:$S,"윤준희") -> 0 | AJ36: =SUMIFS('7월'!$L:$L,'7월'!$F:$F,"*L*",'7월'!$I:$I,AH35,'7월'!$S:$S,"윤준희") -> 0 | AK36: =IFERROR((AJ36/AI36)-1,"") | AN36: =SUMIFS('8월'!$N:$N,'8월'!$F:$F,"*L*",'8월'!$I:$I,AM35,'8월'!$S:$S,"윤준희") -> 0 | AO36: =SUMIFS('8월'!$L:$L,'8월'!$F:$F,"*L*",'8월'!$I:$I,AM35,'8월'!$S:$S,"윤준희") -> 0 | AP36: =IFERROR((AO36/AN36)-1,"") | AS36: =SUMIFS('9월'!$N:$N,'9월'!$F:$F,"*L*",'9월'!$I:$I,AR35,'9월'!$S:$S,"윤준희") -> 0 | AT36: =SUMIFS('9월'!$L:$L,'9월'!$F:$F,"*L*",'9월'!$I:$I,AR35,'9월'!$S:$S,"윤준희") -> 0 | AU36: =IFERROR((AT36/AS36)-1,"") | AX36: =SUMIFS('10월'!$N:$N,'10월'!$F:$F,"*L*",'10월'!$I:$I,AW35,'10월'!$S:$S,"윤준희") -> 0 | AY36: =SUMIFS('10월'!$L:$L,'10월'!$F:$F,"*L*",'10월'!$I:$I,AW35,'10월'!$S:$S,"윤준희") -> 0 | AZ36: =IFERROR((AY36/AX36)-1,"") | BC36: =SUMIFS('11월'!$N:$N,'11월'!$F:$F,"*L*",'11월'!$I:$I,BB35,'11월'!$S:$S,"윤준희") -> 0 | BD36: =SUMIFS('11월'!$L:$L,'11월'!$F:$F,"*L*",'11월'!$I:$I,BB35,'11월'!$S:$S,"윤준희") -> 0 | BE36: =IFERROR((BD36/BC36)-1,"") | BH36: =SUMIFS('12월'!$N:$N,'12월'!$F:$F,"*L*",'12월'!$I:$I,BG35,'12월'!$S:$S,"윤준희") -> 0 | BI36: =SUMIFS('12월'!$L:$L,'12월'!$F:$F,"*L*",'12월'!$I:$I,BG35,'12월'!$S:$S,"윤준희") -> 0 | BJ36: =IFERROR((BI36/BH36)-1,"")
B37: 14 | C37: C | D37: =IFERROR(DATE($B$7,$D$7,B37),"") -> 46036 | E37: =SUMIFS('1월'!$N:$N,'1월'!$F:$F,"C0000004",'1월'!$I:$I,D37)+SUMIFS('1월'!$N:$N,'1월'!$F:$F,"C0000140",'1월'!$I:$I,D37,'1월'!$T:$T,"??C*")+SUMIFS('1월'!$N:$N,'1월'!$F:$F,"C0000140",'1월'!$I:$I,D37,'1월'!$T:$T,"??M*")+SUMIFS('1월'!$N:$N,'1월'!$F:$F,"C0000140",'1월'!$I:$I,D37,'1월'!$T:$T,"??Z*")+SUMIFS('1월'!$N:$N,'1월'!$F:$F,"C0000142",'1월'!$I:$I,D37) -> 0 | F37: =SUMIFS('1월'!$L:$L,'1월'!$F:$F,"C0000004",'1월'!$I:$I,D37)+SUMIFS('1월'!$L:$L,'1월'!$F:$F,"C0000140",'1월'!$I:$I,D37,'1월'!$T:$T,"??C*")+SUMIFS('1월'!$L:$L,'1월'!$F:$F,"C0000140",'1월'!$I:$I,D37,'1월'!$T:$T,"??M*")+SUMIFS('1월'!$L:$L,'1월'!$F:$F,"C0000140",'1월'!$I:$I,D37,'1월'!$T:$T,"??Z*")+SUMIFS('1월'!$L:$L,'1월'!$F:$F,"C0000142",'1월'!$I:$I,D37) -> 0 | G37: =IFERROR((F37/E37)-1,"") | H37: =F37+F38 -> 0 | I37: =IFERROR(DATE($B$7,I$7,$B37),"") -> 46067 | J37: =SUMIFS('2월'!$N:$N,'2월'!$F:$F,"C0000004",'2월'!$I:$I,I37)+SUMIFS('2월'!$N:$N,'2월'!$F:$F,"C0000140",'2월'!$I:$I,I37,'2월'!$T:$T,"??C*")+SUMIFS('2월'!$N:$N,'2월'!$F:$F,"C0000140",'2월'!$I:$I,I37,'2월'!$T:$T,"??M*")+SUMIFS('2월'!$N:$N,'2월'!$F:$F,"C0000140",'2월'!$I:$I,I37,'2월'!$T:$T,"??Z*")+SUMIFS('2월'!$N:$N,'2월'!$F:$F,"C0000142",'2월'!$I:$I,I37) -> 0 | K37: =SUMIFS('2월'!$L:$L,'2월'!$F:$F,"C0000004",'2월'!$I:$I,I37)+SUMIFS('2월'!$L:$L,'2월'!$F:$F,"C0000140",'2월'!$I:$I,I37,'2월'!$T:$T,"??C*")+SUMIFS('2월'!$L:$L,'2월'!$F:$F,"C0000140",'2월'!$I:$I,I37,'2월'!$T:$T,"??M*")+SUMIFS('2월'!$L:$L,'2월'!$F:$F,"C0000140",'2월'!$I:$I,I37,'2월'!$T:$T,"??Z*")+SUMIFS('2월'!$L:$L,'2월'!$F:$F,"C0000142",'2월'!$I:$I,I37) -> 0 | L37: =IFERROR((K37/J37)-1,"") | M37: =K37+K38 -> 0 | N37: =IFERROR(DATE($B$7,N$7,$B37),"") -> 46095 | O37: =SUMIFS('3월'!$N:$N,'3월'!$F:$F,"C0000004",'3월'!$I:$I,N37)+SUMIFS('3월'!$N:$N,'3월'!$F:$F,"C0000140",'3월'!$I:$I,N37,'3월'!$T:$T,"??C*")+SUMIFS('3월'!$N:$N,'3월'!$F:$F,"C0000140",'3월'!$I:$I,N37,'3월'!$T:$T,"??M*")+SUMIFS('3월'!$N:$N,'3월'!$F:$F,"C0000140",'3월'!$I:$I,N37,'3월'!$T:$T,"??Z*")+SUMIFS('3월'!$N:$N,'3월'!$F:$F,"C0000142",'3월'!$I:$I,N37) -> 0 | P37: =SUMIFS('3월'!$L:$L,'3월'!$F:$F,"C0000004",'3월'!$I:$I,N37)+SUMIFS('3월'!$L:$L,'3월'!$F:$F,"C0000140",'3월'!$I:$I,N37,'3월'!$T:$T,"??C*")+SUMIFS('3월'!$L:$L,'3월'!$F:$F,"C0000140",'3월'!$I:$I,N37,'3월'!$T:$T,"??M*")+SUMIFS('3월'!$L:$L,'3월'!$F:$F,"C0000140",'3월'!$I:$I,N37,'3월'!$T:$T,"??Z*")+SUMIFS('3월'!$L:$L,'3월'!$F:$F,"C0000142",'3월'!$I:$I,N37) -> 0 | Q37: =IFERROR((P37/O37)-1,"") | R37: =P37+P38 -> 0 | S37: =IFERROR(DATE($B$7,S$7,$B37),"") -> 46126 | T37: =SUMIFS('4월'!$N:$N,'4월'!$F:$F,"C0000004",'4월'!$I:$I,S37)+SUMIFS('4월'!$N:$N,'4월'!$F:$F,"C0000140",'4월'!$I:$I,S37,'4월'!$T:$T,"??C*")+SUMIFS('4월'!$N:$N,'4월'!$F:$F,"C0000140",'4월'!$I:$I,S37,'4월'!$T:$T,"??M*")+SUMIFS('4월'!$N:$N,'4월'!$F:$F,"C0000140",'4월'!$I:$I,S37,'4월'!$T:$T,"??Z*")+SUMIFS('4월'!$N:$N,'4월'!$F:$F,"C0000142",'4월'!$I:$I,S37) -> 0 | U37: =SUMIFS('4월'!$L:$L,'4월'!$F:$F,"C0000004",'4월'!$I:$I,S37)+SUMIFS('4월'!$L:$L,'4월'!$F:$F,"C0000140",'4월'!$I:$I,S37,'4월'!$T:$T,"??C*")+SUMIFS('4월'!$L:$L,'4월'!$F:$F,"C0000140",'4월'!$I:$I,S37,'4월'!$T:$T,"??M*")+SUMIFS('4월'!$L:$L,'4월'!$F:$F,"C0000140",'4월'!$I:$I,S37,'4월'!$T:$T,"??Z*")+SUMIFS('4월'!$L:$L,'4월'!$F:$F,"C0000142",'4월'!$I:$I,S37) -> 0 | V37: =IFERROR((U37/T37)-1,"") | W37: =U37+U38 -> 0 | X37: =IFERROR(DATE($B$7,X$7,$B37),"") -> 46156 | Y37: =SUMIFS('5월'!$N:$N,'5월'!$F:$F,"C0000004",'5월'!$I:$I,X37)+SUMIFS('5월'!$N:$N,'5월'!$F:$F,"C0000140",'5월'!$I:$I,X37,'5월'!$T:$T,"??C*")+SUMIFS('5월'!$N:$N,'5월'!$F:$F,"C0000140",'5월'!$I:$I,X37,'5월'!$T:$T,"??M*")+SUMIFS('5월'!$N:$N,'5월'!$F:$F,"C0000140",'5월'!$I:$I,X37,'5월'!$T:$T,"??Z*")+SUMIFS('5월'!$N:$N,'5월'!$F:$F,"C0000142",'5월'!$I:$I,X37) -> 0 | Z37: =SUMIFS('5월'!$L:$L,'5월'!$F:$F,"C0000004",'5월'!$I:$I,X37)+SUMIFS('5월'!$L:$L,'5월'!$F:$F,"C0000140",'5월'!$I:$I,X37,'5월'!$T:$T,"??C*")+SUMIFS('5월'!$L:$L,'5월'!$F:$F,"C0000140",'5월'!$I:$I,X37,'5월'!$T:$T,"??M*")+SUMIFS('5월'!$L:$L,'5월'!$F:$F,"C0000140",'5월'!$I:$I,X37,'5월'!$T:$T,"??Z*")+SUMIFS('5월'!$L:$L,'5월'!$F:$F,"C0000142",'5월'!$I:$I,X37) -> 0 | AA37: =IFERROR((Z37/Y37)-1,"") | AB37: =Z37+Z38 -> 0 | AC37: =IFERROR(DATE($B$7,AC$7,$B37),"") -> 46187 | AD37: =SUMIFS('6월'!$N:$N,'6월'!$F:$F,"C0000004",'6월'!$I:$I,AC37)+SUMIFS('6월'!$N:$N,'6월'!$F:$F,"C0000140",'6월'!$I:$I,AC37,'6월'!$T:$T,"??C*")+SUMIFS('6월'!$N:$N,'6월'!$F:$F,"C0000140",'6월'!$I:$I,AC37,'6월'!$T:$T,"??M*")+SUMIFS('6월'!$N:$N,'6월'!$F:$F,"C0000140",'6월'!$I:$I,AC37,'6월'!$T:$T,"??Z*")+SUMIFS('6월'!$N:$N,'6월'!$F:$F,"C0000142",'6월'!$I:$I,AC37) -> 0 | AE37: =SUMIFS('6월'!$L:$L,'6월'!$F:$F,"C0000004",'6월'!$I:$I,AC37)+SUMIFS('6월'!$L:$L,'6월'!$F:$F,"C0000140",'6월'!$I:$I,AC37,'6월'!$T:$T,"??C*")+SUMIFS('6월'!$L:$L,'6월'!$F:$F,"C0000140",'6월'!$I:$I,AC37,'6월'!$T:$T,"??M*")+SUMIFS('6월'!$L:$L,'6월'!$F:$F,"C0000140",'6월'!$I:$I,AC37,'6월'!$T:$T,"??Z*")+SUMIFS('6월'!$L:$L,'6월'!$F:$F,"C0000142",'6월'!$I:$I,AC37) -> 0 | AF37: =IFERROR((AE37/AD37)-1,"") | AG37: =AE37+AE38 -> 0 | AH37: =IFERROR(DATE($B$7,AH$7,$B37),"") -> 46217 | AI37: =SUMIFS('7월'!$N:$N,'7월'!$F:$F,"C0000004",'7월'!$I:$I,AH37)+SUMIFS('7월'!$N:$N,'7월'!$F:$F,"C0000140",'7월'!$I:$I,AH37,'7월'!$T:$T,"??C*")+SUMIFS('7월'!$N:$N,'7월'!$F:$F,"C0000140",'7월'!$I:$I,AH37,'7월'!$T:$T,"??M*")+SUMIFS('7월'!$N:$N,'7월'!$F:$F,"C0000140",'7월'!$I:$I,AH37,'7월'!$T:$T,"??Z*")+SUMIFS('7월'!$N:$N,'7월'!$F:$F,"C0000142",'7월'!$I:$I,AH37) -> 0 | AJ37: =SUMIFS('7월'!$L:$L,'7월'!$F:$F,"C0000004",'7월'!$I:$I,AH37)+SUMIFS('7월'!$L:$L,'7월'!$F:$F,"C0000140",'7월'!$I:$I,AH37,'7월'!$T:$T,"??C*")+SUMIFS('7월'!$L:$L,'7월'!$F:$F,"C0000140",'7월'!$I:$I,AH37,'7월'!$T:$T,"??M*")+SUMIFS('7월'!$L:$L,'7월'!$F:$F,"C0000140",'7월'!$I:$I,AH37,'7월'!$T:$T,"??Z*")+SUMIFS('7월'!$L:$L,'7월'!$F:$F,"C0000142",'7월'!$I:$I,AH37) -> 0 | AK37: =IFERROR((AJ37/AI37)-1,"") | AL37: =AJ37+AJ38 -> 0 | AM37: =IFERROR(DATE($B$7,AM$7,$B37),"") -> 46248 | AN37: =SUMIFS('8월'!$N:$N,'8월'!$F:$F,"C0000004",'8월'!$I:$I,AM37)+SUMIFS('8월'!$N:$N,'8월'!$F:$F,"C0000140",'8월'!$I:$I,AM37,'8월'!$T:$T,"??C*")+SUMIFS('8월'!$N:$N,'8월'!$F:$F,"C0000140",'8월'!$I:$I,AM37,'8월'!$T:$T,"??M*")+SUMIFS('8월'!$N:$N,'8월'!$F:$F,"C0000140",'8월'!$I:$I,AM37,'8월'!$T:$T,"??Z*")+SUMIFS('8월'!$N:$N,'8월'!$F:$F,"C0000142",'8월'!$I:$I,AM37) -> 0 | AO37: =SUMIFS('8월'!$L:$L,'8월'!$F:$F,"C0000004",'8월'!$I:$I,AM37)+SUMIFS('8월'!$L:$L,'8월'!$F:$F,"C0000140",'8월'!$I:$I,AM37,'8월'!$T:$T,"??C*")+SUMIFS('8월'!$L:$L,'8월'!$F:$F,"C0000140",'8월'!$I:$I,AM37,'8월'!$T:$T,"??M*")+SUMIFS('8월'!$L:$L,'8월'!$F:$F,"C0000140",'8월'!$I:$I,AM37,'8월'!$T:$T,"??Z*")+SUMIFS('8월'!$L:$L,'8월'!$F:$F,"C0000142",'8월'!$I:$I,AM37) -> 0 | AP37: =IFERROR((AO37/AN37)-1,"") | AQ37: =AO37+AO38 -> 0 | AR37: =IFERROR(DATE($B$7,AR$7,$B37),"") -> 46279 | AS37: =SUMIFS('9월'!$N:$N,'9월'!$F:$F,"C0000004",'9월'!$I:$I,AR37)+SUMIFS('9월'!$N:$N,'9월'!$F:$F,"C0000140",'9월'!$I:$I,AR37,'9월'!$T:$T,"??C*")+SUMIFS('9월'!$N:$N,'9월'!$F:$F,"C0000140",'9월'!$I:$I,AR37,'9월'!$T:$T,"??M*")+SUMIFS('9월'!$N:$N,'9월'!$F:$F,"C0000140",'9월'!$I:$I,AR37,'9월'!$T:$T,"??Z*")+SUMIFS('9월'!$N:$N,'9월'!$F:$F,"C0000142",'9월'!$I:$I,AR37) -> 0 | AT37: =SUMIFS('9월'!$L:$L,'9월'!$F:$F,"C0000004",'9월'!$I:$I,AR37)+SUMIFS('9월'!$L:$L,'9월'!$F:$F,"C0000140",'9월'!$I:$I,AR37,'9월'!$T:$T,"??C*")+SUMIFS('9월'!$L:$L,'9월'!$F:$F,"C0000140",'9월'!$I:$I,AR37,'9월'!$T:$T,"??M*")+SUMIFS('9월'!$L:$L,'9월'!$F:$F,"C0000140",'9월'!$I:$I,AR37,'9월'!$T:$T,"??Z*")+SUMIFS('9월'!$L:$L,'9월'!$F:$F,"C0000142",'9월'!$I:$I,AR37) -> 0 | AU37: =IFERROR((AT37/AS37)-1,"") | AV37: =AT37+AT38 -> 0 | AW37: =IFERROR(DATE($B$7,AW$7,$B37),"") -> 46309 | AX37: =SUMIFS('10월'!$N:$N,'10월'!$F:$F,"C0000004",'10월'!$I:$I,AW37)+SUMIFS('10월'!$N:$N,'10월'!$F:$F,"C0000140",'10월'!$I:$I,AW37,'10월'!$T:$T,"??C*")+SUMIFS('10월'!$N:$N,'10월'!$F:$F,"C0000140",'10월'!$I:$I,AW37,'10월'!$T:$T,"??M*")+SUMIFS('10월'!$N:$N,'10월'!$F:$F,"C0000140",'10월'!$I:$I,AW37,'10월'!$T:$T,"??Z*")+SUMIFS('10월'!$N:$N,'10월'!$F:$F,"C0000142",'10월'!$I:$I,AW37) -> 0 | AY37: =SUMIFS('10월'!$L:$L,'10월'!$F:$F,"C0000004",'10월'!$I:$I,AW37)+SUMIFS('10월'!$L:$L,'10월'!$F:$F,"C0000140",'10월'!$I:$I,AW37,'10월'!$T:$T,"??C*")+SUMIFS('10월'!$L:$L,'10월'!$F:$F,"C0000140",'10월'!$I:$I,AW37,'10월'!$T:$T,"??M*")+SUMIFS('10월'!$L:$L,'10월'!$F:$F,"C0000140",'10월'!$I:$I,AW37,'10월'!$T:$T,"??Z*")+SUMIFS('10월'!$L:$L,'10월'!$F:$F,"C0000142",'10월'!$I:$I,AW37) -> 0 | AZ37: =IFERROR((AY37/AX37)-1,"") | BA37: =AY37+AY38 -> 0 | BB37: =IFERROR(DATE($B$7,BB$7,$B37),"") -> 46340 | BC37: =SUMIFS('11월'!$N:$N,'11월'!$F:$F,"C0000004",'11월'!$I:$I,BB37)+SUMIFS('11월'!$N:$N,'11월'!$F:$F,"C0000140",'11월'!$I:$I,BB37,'11월'!$T:$T,"??C*")+SUMIFS('11월'!$N:$N,'11월'!$F:$F,"C0000140",'11월'!$I:$I,BB37,'11월'!$T:$T,"??M*")+SUMIFS('11월'!$N:$N,'11월'!$F:$F,"C0000140",'11월'!$I:$I,BB37,'11월'!$T:$T,"??Z*")+SUMIFS('11월'!$N:$N,'11월'!$F:$F,"C0000142",'11월'!$I:$I,BB37) -> 0 | BD37: =SUMIFS('11월'!$L:$L,'11월'!$F:$F,"C0000004",'11월'!$I:$I,BB37)+SUMIFS('11월'!$L:$L,'11월'!$F:$F,"C0000140",'11월'!$I:$I,BB37,'11월'!$T:$T,"??C*")+SUMIFS('11월'!$L:$L,'11월'!$F:$F,"C0000140",'11월'!$I:$I,BB37,'11월'!$T:$T,"??M*")+SUMIFS('11월'!$L:$L,'11월'!$F:$F,"C0000140",'11월'!$I:$I,BB37,'11월'!$T:$T,"??Z*")+SUMIFS('11월'!$L:$L,'11월'!$F:$F,"C0000142",'11월'!$I:$I,BB37) -> 0 | BE37: =IFERROR((BD37/BC37)-1,"") | BF37: =BD37+BD38 -> 0 | BG37: =IFERROR(DATE($B$7,BG$7,$B37),"") -> 46370 | BH37: =SUMIFS('12월'!$N:$N,'12월'!$F:$F,"C0000004",'12월'!$I:$I,BG37)+SUMIFS('12월'!$N:$N,'12월'!$F:$F,"C0000140",'12월'!$I:$I,BG37,'12월'!$T:$T,"??C*")+SUMIFS('12월'!$N:$N,'12월'!$F:$F,"C0000140",'12월'!$I:$I,BG37,'12월'!$T:$T,"??M*")+SUMIFS('12월'!$N:$N,'12월'!$F:$F,"C0000140",'12월'!$I:$I,BG37,'12월'!$T:$T,"??Z*")+SUMIFS('12월'!$N:$N,'12월'!$F:$F,"C0000142",'12월'!$I:$I,BG37) -> 0 | BI37: =SUMIFS('12월'!$L:$L,'12월'!$F:$F,"C0000004",'12월'!$I:$I,BG37)+SUMIFS('12월'!$L:$L,'12월'!$F:$F,"C0000140",'12월'!$I:$I,BG37,'12월'!$T:$T,"??C*")+SUMIFS('12월'!$L:$L,'12월'!$F:$F,"C0000140",'12월'!$I:$I,BG37,'12월'!$T:$T,"??M*")+SUMIFS('12월'!$L:$L,'12월'!$F:$F,"C0000140",'12월'!$I:$I,BG37,'12월'!$T:$T,"??Z*")+SUMIFS('12월'!$L:$L,'12월'!$F:$F,"C0000142",'12월'!$I:$I,BG37) -> 0 | BJ37: =IFERROR((BI37/BH37)-1,"") | BK37: =BI37+BI38 -> 0
C38: L | E38: =SUMIFS('1월'!$N:$N,'1월'!$F:$F,"*L*",'1월'!$I:$I,D37,'1월'!$S:$S,"윤준희") -> 0 | F38: =SUMIFS('1월'!$L:$L,'1월'!$F:$F,"*L*",'1월'!$I:$I,D37,'1월'!$S:$S,"윤준희") -> 0 | G38: =IFERROR((F38/E38)-1,"") | J38: =SUMIFS('2월'!$N:$N,'2월'!$F:$F,"*L*",'2월'!$I:$I,I37,'2월'!$S:$S,"윤준희") -> 0 | K38: =SUMIFS('2월'!$L:$L,'2월'!$F:$F,"*L*",'2월'!$I:$I,I37,'2월'!$S:$S,"윤준희") -> 0 | L38: =IFERROR((K38/J38)-1,"") | O38: =SUMIFS('3월'!$N:$N,'3월'!$F:$F,"*L*",'3월'!$I:$I,N37,'3월'!$S:$S,"윤준희") -> 0 | P38: =SUMIFS('3월'!$L:$L,'3월'!$F:$F,"*L*",'3월'!$I:$I,N37,'3월'!$S:$S,"윤준희") -> 0 | Q38: =IFERROR((P38/O38)-1,"") | T38: =SUMIFS('4월'!$N:$N,'4월'!$F:$F,"*L*",'4월'!$I:$I,S37,'4월'!$S:$S,"윤준희") -> 0 | U38: =SUMIFS('4월'!$L:$L,'4월'!$F:$F,"*L*",'4월'!$I:$I,S37,'4월'!$S:$S,"윤준희") -> 0 | V38: =IFERROR((U38/T38)-1,"") | Y38: =SUMIFS('5월'!$N:$N,'5월'!$F:$F,"*L*",'5월'!$I:$I,X37,'5월'!$S:$S,"윤준희") -> 0 | Z38: =SUMIFS('5월'!$L:$L,'5월'!$F:$F,"*L*",'5월'!$I:$I,X37,'5월'!$S:$S,"윤준희") -> 0 | AA38: =IFERROR((Z38/Y38)-1,"") | AD38: =SUMIFS('6월'!$N:$N,'6월'!$F:$F,"*L*",'6월'!$I:$I,AC37,'6월'!$S:$S,"윤준희") -> 0 | AE38: =SUMIFS('6월'!$L:$L,'6월'!$F:$F,"*L*",'6월'!$I:$I,AC37,'6월'!$S:$S,"윤준희") -> 0 | AF38: =IFERROR((AE38/AD38)-1,"") | AI38: =SUMIFS('7월'!$N:$N,'7월'!$F:$F,"*L*",'7월'!$I:$I,AH37,'7월'!$S:$S,"윤준희") -> 0 | AJ38: =SUMIFS('7월'!$L:$L,'7월'!$F:$F,"*L*",'7월'!$I:$I,AH37,'7월'!$S:$S,"윤준희") -> 0 | AK38: =IFERROR((AJ38/AI38)-1,"") | AN38: =SUMIFS('8월'!$N:$N,'8월'!$F:$F,"*L*",'8월'!$I:$I,AM37,'8월'!$S:$S,"윤준희") -> 0 | AO38: =SUMIFS('8월'!$L:$L,'8월'!$F:$F,"*L*",'8월'!$I:$I,AM37,'8월'!$S:$S,"윤준희") -> 0 | AP38: =IFERROR((AO38/AN38)-1,"") | AS38: =SUMIFS('9월'!$N:$N,'9월'!$F:$F,"*L*",'9월'!$I:$I,AR37,'9월'!$S:$S,"윤준희") -> 0 | AT38: =SUMIFS('9월'!$L:$L,'9월'!$F:$F,"*L*",'9월'!$I:$I,AR37,'9월'!$S:$S,"윤준희") -> 0 | AU38: =IFERROR((AT38/AS38)-1,"") | AX38: =SUMIFS('10월'!$N:$N,'10월'!$F:$F,"*L*",'10월'!$I:$I,AW37,'10월'!$S:$S,"윤준희") -> 0 | AY38: =SUMIFS('10월'!$L:$L,'10월'!$F:$F,"*L*",'10월'!$I:$I,AW37,'10월'!$S:$S,"윤준희") -> 0 | AZ38: =IFERROR((AY38/AX38)-1,"") | BC38: =SUMIFS('11월'!$N:$N,'11월'!$F:$F,"*L*",'11월'!$I:$I,BB37,'11월'!$S:$S,"윤준희") -> 0 | BD38: =SUMIFS('11월'!$L:$L,'11월'!$F:$F,"*L*",'11월'!$I:$I,BB37,'11월'!$S:$S,"윤준희") -> 0 | BE38: =IFERROR((BD38/BC38)-1,"") | BH38: =SUMIFS('12월'!$N:$N,'12월'!$F:$F,"*L*",'12월'!$I:$I,BG37,'12월'!$S:$S,"윤준희") -> 0 | BI38: =SUMIFS('12월'!$L:$L,'12월'!$F:$F,"*L*",'12월'!$I:$I,BG37,'12월'!$S:$S,"윤준희") -> 0 | BJ38: =IFERROR((BI38/BH38)-1,"")
B39: 15 | C39: C | D39: =IFERROR(DATE($B$7,$D$7,B39),"") -> 46037 | E39: =SUMIFS('1월'!$N:$N,'1월'!$F:$F,"C0000004",'1월'!$I:$I,D39)+SUMIFS('1월'!$N:$N,'1월'!$F:$F,"C0000140",'1월'!$I:$I,D39,'1월'!$T:$T,"??C*")+SUMIFS('1월'!$N:$N,'1월'!$F:$F,"C0000140",'1월'!$I:$I,D39,'1월'!$T:$T,"??M*")+SUMIFS('1월'!$N:$N,'1월'!$F:$F,"C0000140",'1월'!$I:$I,D39,'1월'!$T:$T,"??Z*")+SUMIFS('1월'!$N:$N,'1월'!$F:$F,"C0000142",'1월'!$I:$I,D39) -> 0 | F39: =SUMIFS('1월'!$L:$L,'1월'!$F:$F,"C0000004",'1월'!$I:$I,D39)+SUMIFS('1월'!$L:$L,'1월'!$F:$F,"C0000140",'1월'!$I:$I,D39,'1월'!$T:$T,"??C*")+SUMIFS('1월'!$L:$L,'1월'!$F:$F,"C0000140",'1월'!$I:$I,D39,'1월'!$T:$T,"??M*")+SUMIFS('1월'!$L:$L,'1월'!$F:$F,"C0000140",'1월'!$I:$I,D39,'1월'!$T:$T,"??Z*")+SUMIFS('1월'!$L:$L,'1월'!$F:$F,"C0000142",'1월'!$I:$I,D39) -> 0 | G39: =IFERROR((F39/E39)-1,"") | H39: =F39+F40 -> 0 | I39: =IFERROR(DATE($B$7,I$7,$B39),"") -> 46068 | J39: =SUMIFS('2월'!$N:$N,'2월'!$F:$F,"C0000004",'2월'!$I:$I,I39)+SUMIFS('2월'!$N:$N,'2월'!$F:$F,"C0000140",'2월'!$I:$I,I39,'2월'!$T:$T,"??C*")+SUMIFS('2월'!$N:$N,'2월'!$F:$F,"C0000140",'2월'!$I:$I,I39,'2월'!$T:$T,"??M*")+SUMIFS('2월'!$N:$N,'2월'!$F:$F,"C0000140",'2월'!$I:$I,I39,'2월'!$T:$T,"??Z*")+SUMIFS('2월'!$N:$N,'2월'!$F:$F,"C0000142",'2월'!$I:$I,I39) -> 0 | K39: =SUMIFS('2월'!$L:$L,'2월'!$F:$F,"C0000004",'2월'!$I:$I,I39)+SUMIFS('2월'!$L:$L,'2월'!$F:$F,"C0000140",'2월'!$I:$I,I39,'2월'!$T:$T,"??C*")+SUMIFS('2월'!$L:$L,'2월'!$F:$F,"C0000140",'2월'!$I:$I,I39,'2월'!$T:$T,"??M*")+SUMIFS('2월'!$L:$L,'2월'!$F:$F,"C0000140",'2월'!$I:$I,I39,'2월'!$T:$T,"??Z*")+SUMIFS('2월'!$L:$L,'2월'!$F:$F,"C0000142",'2월'!$I:$I,I39) -> 0 | L39: =IFERROR((K39/J39)-1,"") | M39: =K39+K40 -> 0 | N39: =IFERROR(DATE($B$7,N$7,$B39),"") -> 46096 | O39: =SUMIFS('3월'!$N:$N,'3월'!$F:$F,"C0000004",'3월'!$I:$I,N39)+SUMIFS('3월'!$N:$N,'3월'!$F:$F,"C0000140",'3월'!$I:$I,N39,'3월'!$T:$T,"??C*")+SUMIFS('3월'!$N:$N,'3월'!$F:$F,"C0000140",'3월'!$I:$I,N39,'3월'!$T:$T,"??M*")+SUMIFS('3월'!$N:$N,'3월'!$F:$F,"C0000140",'3월'!$I:$I,N39,'3월'!$T:$T,"??Z*")+SUMIFS('3월'!$N:$N,'3월'!$F:$F,"C0000142",'3월'!$I:$I,N39) -> 0 | P39: =SUMIFS('3월'!$L:$L,'3월'!$F:$F,"C0000004",'3월'!$I:$I,N39)+SUMIFS('3월'!$L:$L,'3월'!$F:$F,"C0000140",'3월'!$I:$I,N39,'3월'!$T:$T,"??C*")+SUMIFS('3월'!$L:$L,'3월'!$F:$F,"C0000140",'3월'!$I:$I,N39,'3월'!$T:$T,"??M*")+SUMIFS('3월'!$L:$L,'3월'!$F:$F,"C0000140",'3월'!$I:$I,N39,'3월'!$T:$T,"??Z*")+SUMIFS('3월'!$L:$L,'3월'!$F:$F,"C0000142",'3월'!$I:$I,N39) -> 0 | Q39: =IFERROR((P39/O39)-1,"") | R39: =P39+P40 -> 0 | S39: =IFERROR(DATE($B$7,S$7,$B39),"") -> 46127 | T39: =SUMIFS('4월'!$N:$N,'4월'!$F:$F,"C0000004",'4월'!$I:$I,S39)+SUMIFS('4월'!$N:$N,'4월'!$F:$F,"C0000140",'4월'!$I:$I,S39,'4월'!$T:$T,"??C*")+SUMIFS('4월'!$N:$N,'4월'!$F:$F,"C0000140",'4월'!$I:$I,S39,'4월'!$T:$T,"??M*")+SUMIFS('4월'!$N:$N,'4월'!$F:$F,"C0000140",'4월'!$I:$I,S39,'4월'!$T:$T,"??Z*")+SUMIFS('4월'!$N:$N,'4월'!$F:$F,"C0000142",'4월'!$I:$I,S39) -> 0 | U39: =SUMIFS('4월'!$L:$L,'4월'!$F:$F,"C0000004",'4월'!$I:$I,S39)+SUMIFS('4월'!$L:$L,'4월'!$F:$F,"C0000140",'4월'!$I:$I,S39,'4월'!$T:$T,"??C*")+SUMIFS('4월'!$L:$L,'4월'!$F:$F,"C0000140",'4월'!$I:$I,S39,'4월'!$T:$T,"??M*")+SUMIFS('4월'!$L:$L,'4월'!$F:$F,"C0000140",'4월'!$I:$I,S39,'4월'!$T:$T,"??Z*")+SUMIFS('4월'!$L:$L,'4월'!$F:$F,"C0000142",'4월'!$I:$I,S39) -> 0 | V39: =IFERROR((U39/T39)-1,"") | W39: =U39+U40 -> 0 | X39: =IFERROR(DATE($B$7,X$7,$B39),"") -> 46157 | Y39: =SUMIFS('5월'!$N:$N,'5월'!$F:$F,"C0000004",'5월'!$I:$I,X39)+SUMIFS('5월'!$N:$N,'5월'!$F:$F,"C0000140",'5월'!$I:$I,X39,'5월'!$T:$T,"??C*")+SUMIFS('5월'!$N:$N,'5월'!$F:$F,"C0000140",'5월'!$I:$I,X39,'5월'!$T:$T,"??M*")+SUMIFS('5월'!$N:$N,'5월'!$F:$F,"C0000140",'5월'!$I:$I,X39,'5월'!$T:$T,"??Z*")+SUMIFS('5월'!$N:$N,'5월'!$F:$F,"C0000142",'5월'!$I:$I,X39) -> 0 | Z39: =SUMIFS('5월'!$L:$L,'5월'!$F:$F,"C0000004",'5월'!$I:$I,X39)+SUMIFS('5월'!$L:$L,'5월'!$F:$F,"C0000140",'5월'!$I:$I,X39,'5월'!$T:$T,"??C*")+SUMIFS('5월'!$L:$L,'5월'!$F:$F,"C0000140",'5월'!$I:$I,X39,'5월'!$T:$T,"??M*")+SUMIFS('5월'!$L:$L,'5월'!$F:$F,"C0000140",'5월'!$I:$I,X39,'5월'!$T:$T,"??Z*")+SUMIFS('5월'!$L:$L,'5월'!$F:$F,"C0000142",'5월'!$I:$I,X39) -> 0 | AA39: =IFERROR((Z39/Y39)-1,"") | AB39: =Z39+Z40 -> 0 | AC39: =IFERROR(DATE($B$7,AC$7,$B39),"") -> 46188 | AD39: =SUMIFS('6월'!$N:$N,'6월'!$F:$F,"C0000004",'6월'!$I:$I,AC39)+SUMIFS('6월'!$N:$N,'6월'!$F:$F,"C0000140",'6월'!$I:$I,AC39,'6월'!$T:$T,"??C*")+SUMIFS('6월'!$N:$N,'6월'!$F:$F,"C0000140",'6월'!$I:$I,AC39,'6월'!$T:$T,"??M*")+SUMIFS('6월'!$N:$N,'6월'!$F:$F,"C0000140",'6월'!$I:$I,AC39,'6월'!$T:$T,"??Z*")+SUMIFS('6월'!$N:$N,'6월'!$F:$F,"C0000142",'6월'!$I:$I,AC39) -> 0 | AE39: =SUMIFS('6월'!$L:$L,'6월'!$F:$F,"C0000004",'6월'!$I:$I,AC39)+SUMIFS('6월'!$L:$L,'6월'!$F:$F,"C0000140",'6월'!$I:$I,AC39,'6월'!$T:$T,"??C*")+SUMIFS('6월'!$L:$L,'6월'!$F:$F,"C0000140",'6월'!$I:$I,AC39,'6월'!$T:$T,"??M*")+SUMIFS('6월'!$L:$L,'6월'!$F:$F,"C0000140",'6월'!$I:$I,AC39,'6월'!$T:$T,"??Z*")+SUMIFS('6월'!$L:$L,'6월'!$F:$F,"C0000142",'6월'!$I:$I,AC39) -> 0 | AF39: =IFERROR((AE39/AD39)-1,"") | AG39: =AE39+AE40 -> 0 | AH39: =IFERROR(DATE($B$7,AH$7,$B39),"") -> 46218 | AI39: =SUMIFS('7월'!$N:$N,'7월'!$F:$F,"C0000004",'7월'!$I:$I,AH39)+SUMIFS('7월'!$N:$N,'7월'!$F:$F,"C0000140",'7월'!$I:$I,AH39,'7월'!$T:$T,"??C*")+SUMIFS('7월'!$N:$N,'7월'!$F:$F,"C0000140",'7월'!$I:$I,AH39,'7월'!$T:$T,"??M*")+SUMIFS('7월'!$N:$N,'7월'!$F:$F,"C0000140",'7월'!$I:$I,AH39,'7월'!$T:$T,"??Z*")+SUMIFS('7월'!$N:$N,'7월'!$F:$F,"C0000142",'7월'!$I:$I,AH39) -> 0 | AJ39: =SUMIFS('7월'!$L:$L,'7월'!$F:$F,"C0000004",'7월'!$I:$I,AH39)+SUMIFS('7월'!$L:$L,'7월'!$F:$F,"C0000140",'7월'!$I:$I,AH39,'7월'!$T:$T,"??C*")+SUMIFS('7월'!$L:$L,'7월'!$F:$F,"C0000140",'7월'!$I:$I,AH39,'7월'!$T:$T,"??M*")+SUMIFS('7월'!$L:$L,'7월'!$F:$F,"C0000140",'7월'!$I:$I,AH39,'7월'!$T:$T,"??Z*")+SUMIFS('7월'!$L:$L,'7월'!$F:$F,"C0000142",'7월'!$I:$I,AH39) -> 0 | AK39: =IFERROR((AJ39/AI39)-1,"") | AL39: =AJ39+AJ40 -> 0 | AM39: =IFERROR(DATE($B$7,AM$7,$B39),"") -> 46249 | AN39: =SUMIFS('8월'!$N:$N,'8월'!$F:$F,"C0000004",'8월'!$I:$I,AM39)+SUMIFS('8월'!$N:$N,'8월'!$F:$F,"C0000140",'8월'!$I:$I,AM39,'8월'!$T:$T,"??C*")+SUMIFS('8월'!$N:$N,'8월'!$F:$F,"C0000140",'8월'!$I:$I,AM39,'8월'!$T:$T,"??M*")+SUMIFS('8월'!$N:$N,'8월'!$F:$F,"C0000140",'8월'!$I:$I,AM39,'8월'!$T:$T,"??Z*")+SUMIFS('8월'!$N:$N,'8월'!$F:$F,"C0000142",'8월'!$I:$I,AM39) -> 0 | AO39: =SUMIFS('8월'!$L:$L,'8월'!$F:$F,"C0000004",'8월'!$I:$I,AM39)+SUMIFS('8월'!$L:$L,'8월'!$F:$F,"C0000140",'8월'!$I:$I,AM39,'8월'!$T:$T,"??C*")+SUMIFS('8월'!$L:$L,'8월'!$F:$F,"C0000140",'8월'!$I:$I,AM39,'8월'!$T:$T,"??M*")+SUMIFS('8월'!$L:$L,'8월'!$F:$F,"C0000140",'8월'!$I:$I,AM39,'8월'!$T:$T,"??Z*")+SUMIFS('8월'!$L:$L,'8월'!$F:$F,"C0000142",'8월'!$I:$I,AM39) -> 0 | AP39: =IFERROR((AO39/AN39)-1,"") | AQ39: =AO39+AO40 -> 0 | AR39: =IFERROR(DATE($B$7,AR$7,$B39),"") -> 46280 | AS39: =SUMIFS('9월'!$N:$N,'9월'!$F:$F,"C0000004",'9월'!$I:$I,AR39)+SUMIFS('9월'!$N:$N,'9월'!$F:$F,"C0000140",'9월'!$I:$I,AR39,'9월'!$T:$T,"??C*")+SUMIFS('9월'!$N:$N,'9월'!$F:$F,"C0000140",'9월'!$I:$I,AR39,'9월'!$T:$T,"??M*")+SUMIFS('9월'!$N:$N,'9월'!$F:$F,"C0000140",'9월'!$I:$I,AR39,'9월'!$T:$T,"??Z*")+SUMIFS('9월'!$N:$N,'9월'!$F:$F,"C0000142",'9월'!$I:$I,AR39) -> 441631 | AT39: =SUMIFS('9월'!$L:$L,'9월'!$F:$F,"C0000004",'9월'!$I:$I,AR39)+SUMIFS('9월'!$L:$L,'9월'!$F:$F,"C0000140",'9월'!$I:$I,AR39,'9월'!$T:$T,"??C*")+SUMIFS('9월'!$L:$L,'9월'!$F:$F,"C0000140",'9월'!$I:$I,AR39,'9월'!$T:$T,"??M*")+SUMIFS('9월'!$L:$L,'9월'!$F:$F,"C0000140",'9월'!$I:$I,AR39,'9월'!$T:$T,"??Z*")+SUMIFS('9월'!$L:$L,'9월'!$F:$F,"C0000142",'9월'!$I:$I,AR39) -> 513628 | AU39: =IFERROR((AT39/AS39)-1,"") -> 0.16302524 | AV39: =AT39+AT40 -> 513628 | AW39: =IFERROR(DATE($B$7,AW$7,$B39),"") -> 46310 | AX39: =SUMIFS('10월'!$N:$N,'10월'!$F:$F,"C0000004",'10월'!$I:$I,AW39)+SUMIFS('10월'!$N:$N,'10월'!$F:$F,"C0000140",'10월'!$I:$I,AW39,'10월'!$T:$T,"??C*")+SUMIFS('10월'!$N:$N,'10월'!$F:$F,"C0000140",'10월'!$I:$I,AW39,'10월'!$T:$T,"??M*")+SUMIFS('10월'!$N:$N,'10월'!$F:$F,"C0000140",'10월'!$I:$I,AW39,'10월'!$T:$T,"??Z*")+SUMIFS('10월'!$N:$N,'10월'!$F:$F,"C0000142",'10월'!$I:$I,AW39) -> 0 | AY39: =SUMIFS('10월'!$L:$L,'10월'!$F:$F,"C0000004",'10월'!$I:$I,AW39)+SUMIFS('10월'!$L:$L,'10월'!$F:$F,"C0000140",'10월'!$I:$I,AW39,'10월'!$T:$T,"??C*")+SUMIFS('10월'!$L:$L,'10월'!$F:$F,"C0000140",'10월'!$I:$I,AW39,'10월'!$T:$T,"??M*")+SUMIFS('10월'!$L:$L,'10월'!$F:$F,"C0000140",'10월'!$I:$I,AW39,'10월'!$T:$T,"??Z*")+SUMIFS('10월'!$L:$L,'10월'!$F:$F,"C0000142",'10월'!$I:$I,AW39) -> 0 | AZ39: =IFERROR((AY39/AX39)-1,"") | BA39: =AY39+AY40 -> 0 | BB39: =IFERROR(DATE($B$7,BB$7,$B39),"") -> 46341 | BC39: =SUMIFS('11월'!$N:$N,'11월'!$F:$F,"C0000004",'11월'!$I:$I,BB39)+SUMIFS('11월'!$N:$N,'11월'!$F:$F,"C0000140",'11월'!$I:$I,BB39,'11월'!$T:$T,"??C*")+SUMIFS('11월'!$N:$N,'11월'!$F:$F,"C0000140",'11월'!$I:$I,BB39,'11월'!$T:$T,"??M*")+SUMIFS('11월'!$N:$N,'11월'!$F:$F,"C0000140",'11월'!$I:$I,BB39,'11월'!$T:$T,"??Z*")+SUMIFS('11월'!$N:$N,'11월'!$F:$F,"C0000142",'11월'!$I:$I,BB39) -> 0 | BD39: =SUMIFS('11월'!$L:$L,'11월'!$F:$F,"C0000004",'11월'!$I:$I,BB39)+SUMIFS('11월'!$L:$L,'11월'!$F:$F,"C0000140",'11월'!$I:$I,BB39,'11월'!$T:$T,"??C*")+SUMIFS('11월'!$L:$L,'11월'!$F:$F,"C0000140",'11월'!$I:$I,BB39,'11월'!$T:$T,"??M*")+SUMIFS('11월'!$L:$L,'11월'!$F:$F,"C0000140",'11월'!$I:$I,BB39,'11월'!$T:$T,"??Z*")+SUMIFS('11월'!$L:$L,'11월'!$F:$F,"C0000142",'11월'!$I:$I,BB39) -> 0 | BE39: =IFERROR((BD39/BC39)-1,"") | BF39: =BD39+BD40 -> 0 | BG39: =IFERROR(DATE($B$7,BG$7,$B39),"") -> 46371 | BH39: =SUMIFS('12월'!$N:$N,'12월'!$F:$F,"C0000004",'12월'!$I:$I,BG39)+SUMIFS('12월'!$N:$N,'12월'!$F:$F,"C0000140",'12월'!$I:$I,BG39,'12월'!$T:$T,"??C*")+SUMIFS('12월'!$N:$N,'12월'!$F:$F,"C0000140",'12월'!$I:$I,BG39,'12월'!$T:$T,"??M*")+SUMIFS('12월'!$N:$N,'12월'!$F:$F,"C0000140",'12월'!$I:$I,BG39,'12월'!$T:$T,"??Z*")+SUMIFS('12월'!$N:$N,'12월'!$F:$F,"C0000142",'12월'!$I:$I,BG39) -> 0 | BI39: =SUMIFS('12월'!$L:$L,'12월'!$F:$F,"C0000004",'12월'!$I:$I,BG39)+SUMIFS('12월'!$L:$L,'12월'!$F:$F,"C0000140",'12월'!$I:$I,BG39,'12월'!$T:$T,"??C*")+SUMIFS('12월'!$L:$L,'12월'!$F:$F,"C0000140",'12월'!$I:$I,BG39,'12월'!$T:$T,"??M*")+SUMIFS('12월'!$L:$L,'12월'!$F:$F,"C0000140",'12월'!$I:$I,BG39,'12월'!$T:$T,"??Z*")+SUMIFS('12월'!$L:$L,'12월'!$F:$F,"C0000142",'12월'!$I:$I,BG39) -> 0 | BJ39: =IFERROR((BI39/BH39)-1,"") | BK39: =BI39+BI40 -> 0
C40: L | E40: =SUMIFS('1월'!$N:$N,'1월'!$F:$F,"*L*",'1월'!$I:$I,D39,'1월'!$S:$S,"윤준희") -> 0 | F40: =SUMIFS('1월'!$L:$L,'1월'!$F:$F,"*L*",'1월'!$I:$I,D39,'1월'!$S:$S,"윤준희") -> 0 | G40: =IFERROR((F40/E40)-1,"") | J40: =SUMIFS('2월'!$N:$N,'2월'!$F:$F,"*L*",'2월'!$I:$I,I39,'2월'!$S:$S,"윤준희") -> 0 | K40: =SUMIFS('2월'!$L:$L,'2월'!$F:$F,"*L*",'2월'!$I:$I,I39,'2월'!$S:$S,"윤준희") -> 0 | L40: =IFERROR((K40/J40)-1,"") | O40: =SUMIFS('3월'!$N:$N,'3월'!$F:$F,"*L*",'3월'!$I:$I,N39,'3월'!$S:$S,"윤준희") -> 0 | P40: =SUMIFS('3월'!$L:$L,'3월'!$F:$F,"*L*",'3월'!$I:$I,N39,'3월'!$S:$S,"윤준희") -> 0 | Q40: =IFERROR((P40/O40)-1,"") | T40: =SUMIFS('4월'!$N:$N,'4월'!$F:$F,"*L*",'4월'!$I:$I,S39,'4월'!$S:$S,"윤준희") -> 0 | U40: =SUMIFS('4월'!$L:$L,'4월'!$F:$F,"*L*",'4월'!$I:$I,S39,'4월'!$S:$S,"윤준희") -> 0 | V40: =IFERROR((U40/T40)-1,"") | Y40: =SUMIFS('5월'!$N:$N,'5월'!$F:$F,"*L*",'5월'!$I:$I,X39,'5월'!$S:$S,"윤준희") -> 0 | Z40: =SUMIFS('5월'!$L:$L,'5월'!$F:$F,"*L*",'5월'!$I:$I,X39,'5월'!$S:$S,"윤준희") -> 0 | AA40: =IFERROR((Z40/Y40)-1,"") | AD40: =SUMIFS('6월'!$N:$N,'6월'!$F:$F,"*L*",'6월'!$I:$I,AC39,'6월'!$S:$S,"윤준희") -> 0 | AE40: =SUMIFS('6월'!$L:$L,'6월'!$F:$F,"*L*",'6월'!$I:$I,AC39,'6월'!$S:$S,"윤준희")+SUMIFS('6월'!$L:$L,'6월'!$F:$F,"*L*",'6월'!$I:$I,AC39,'6월'!$S:$S,"윤준희") -> 0 | AF40: =IFERROR((AE40/AD40)-1,"") | AI40: =SUMIFS('7월'!$N:$N,'7월'!$F:$F,"*L*",'7월'!$I:$I,AH39,'7월'!$S:$S,"윤준희") -> 0 | AJ40: =SUMIFS('7월'!$L:$L,'7월'!$F:$F,"*L*",'7월'!$I:$I,AH39,'7월'!$S:$S,"윤준희") -> 0 | AK40: =IFERROR((AJ40/AI40)-1,"") | AN40: =SUMIFS('8월'!$N:$N,'8월'!$F:$F,"*L*",'8월'!$I:$I,AM39,'8월'!$S:$S,"윤준희") -> 0 | AO40: =SUMIFS('8월'!$L:$L,'8월'!$F:$F,"*L*",'8월'!$I:$I,AM39,'8월'!$S:$S,"윤준희") -> 0 | AP40: =IFERROR((AO40/AN40)-1,"") | AS40: =SUMIFS('9월'!$N:$N,'9월'!$F:$F,"*L*",'9월'!$I:$I,AR39,'9월'!$S:$S,"윤준희") -> 0 | AT40: =SUMIFS('9월'!$L:$L,'9월'!$F:$F,"*L*",'9월'!$I:$I,AR39,'9월'!$S:$S,"윤준희") -> 0 | AU40: =IFERROR((AT40/AS40)-1,"") | AX40: =SUMIFS('10월'!$N:$N,'10월'!$F:$F,"*L*",'10월'!$I:$I,AW39,'10월'!$S:$S,"윤준희") -> 0 | AY40: =SUMIFS('10월'!$L:$L,'10월'!$F:$F,"*L*",'10월'!$I:$I,AW39,'10월'!$S:$S,"윤준희") -> 0 | AZ40: =IFERROR((AY40/AX40)-1,"") | BC40: =SUMIFS('11월'!$N:$N,'11월'!$F:$F,"*L*",'11월'!$I:$I,BB39,'11월'!$S:$S,"윤준희") -> 0 | BD40: =SUMIFS('11월'!$L:$L,'11월'!$F:$F,"*L*",'11월'!$I:$I,BB39,'11월'!$S:$S,"윤준희") -> 0 | BE40: =IFERROR((BD40/BC40)-1,"") | BH40: =SUMIFS('12월'!$N:$N,'12월'!$F:$F,"*L*",'12월'!$I:$I,BG39,'12월'!$S:$S,"윤준희") -> 0 | BI40: =SUMIFS('12월'!$L:$L,'12월'!$F:$F,"*L*",'12월'!$I:$I,BG39,'12월'!$S:$S,"윤준희") -> 0 | BJ40: =IFERROR((BI40/BH40)-1,"")
B41: 16 | C41: C | D41: =IFERROR(DATE($B$7,$D$7,B41),"") -> 46038 | E41: =SUMIFS('1월'!$N:$N,'1월'!$F:$F,"C0000004",'1월'!$I:$I,D41)+SUMIFS('1월'!$N:$N,'1월'!$F:$F,"C0000140",'1월'!$I:$I,D41,'1월'!$T:$T,"??C*")+SUMIFS('1월'!$N:$N,'1월'!$F:$F,"C0000140",'1월'!$I:$I,D41,'1월'!$T:$T,"??M*")+SUMIFS('1월'!$N:$N,'1월'!$F:$F,"C0000140",'1월'!$I:$I,D41,'1월'!$T:$T,"??Z*")+SUMIFS('1월'!$N:$N,'1월'!$F:$F,"C0000142",'1월'!$I:$I,D41) -> 0 | F41: =SUMIFS('1월'!$L:$L,'1월'!$F:$F,"C0000004",'1월'!$I:$I,D41)+SUMIFS('1월'!$L:$L,'1월'!$F:$F,"C0000140",'1월'!$I:$I,D41,'1월'!$T:$T,"??C*")+SUMIFS('1월'!$L:$L,'1월'!$F:$F,"C0000140",'1월'!$I:$I,D41,'1월'!$T:$T,"??M*")+SUMIFS('1월'!$L:$L,'1월'!$F:$F,"C0000140",'1월'!$I:$I,D41,'1월'!$T:$T,"??Z*")+SUMIFS('1월'!$L:$L,'1월'!$F:$F,"C0000142",'1월'!$I:$I,D41) -> 0 | G41: =IFERROR((F41/E41)-1,"") | H41: =F41+F42 -> 0 | I41: =IFERROR(DATE($B$7,I$7,$B41),"") -> 46069 | J41: =SUMIFS('2월'!$N:$N,'2월'!$F:$F,"C0000004",'2월'!$I:$I,I41)+SUMIFS('2월'!$N:$N,'2월'!$F:$F,"C0000140",'2월'!$I:$I,I41,'2월'!$T:$T,"??C*")+SUMIFS('2월'!$N:$N,'2월'!$F:$F,"C0000140",'2월'!$I:$I,I41,'2월'!$T:$T,"??M*")+SUMIFS('2월'!$N:$N,'2월'!$F:$F,"C0000140",'2월'!$I:$I,I41,'2월'!$T:$T,"??Z*")+SUMIFS('2월'!$N:$N,'2월'!$F:$F,"C0000142",'2월'!$I:$I,I41) -> 0 | K41: =SUMIFS('2월'!$L:$L,'2월'!$F:$F,"C0000004",'2월'!$I:$I,I41)+SUMIFS('2월'!$L:$L,'2월'!$F:$F,"C0000140",'2월'!$I:$I,I41,'2월'!$T:$T,"??C*")+SUMIFS('2월'!$L:$L,'2월'!$F:$F,"C0000140",'2월'!$I:$I,I41,'2월'!$T:$T,"??M*")+SUMIFS('2월'!$L:$L,'2월'!$F:$F,"C0000140",'2월'!$I:$I,I41,'2월'!$T:$T,"??Z*")+SUMIFS('2월'!$L:$L,'2월'!$F:$F,"C0000142",'2월'!$I:$I,I41) -> 0 | L41: =IFERROR((K41/J41)-1,"") | M41: =K41+K42 -> 0 | N41: =IFERROR(DATE($B$7,N$7,$B41),"") -> 46097 | O41: =SUMIFS('3월'!$N:$N,'3월'!$F:$F,"C0000004",'3월'!$I:$I,N41)+SUMIFS('3월'!$N:$N,'3월'!$F:$F,"C0000140",'3월'!$I:$I,N41,'3월'!$T:$T,"??C*")+SUMIFS('3월'!$N:$N,'3월'!$F:$F,"C0000140",'3월'!$I:$I,N41,'3월'!$T:$T,"??M*")+SUMIFS('3월'!$N:$N,'3월'!$F:$F,"C0000140",'3월'!$I:$I,N41,'3월'!$T:$T,"??Z*")+SUMIFS('3월'!$N:$N,'3월'!$F:$F,"C0000142",'3월'!$I:$I,N41) -> 0 | P41: =SUMIFS('3월'!$L:$L,'3월'!$F:$F,"C0000004",'3월'!$I:$I,N41)+SUMIFS('3월'!$L:$L,'3월'!$F:$F,"C0000140",'3월'!$I:$I,N41,'3월'!$T:$T,"??C*")+SUMIFS('3월'!$L:$L,'3월'!$F:$F,"C0000140",'3월'!$I:$I,N41,'3월'!$T:$T,"??M*")+SUMIFS('3월'!$L:$L,'3월'!$F:$F,"C0000140",'3월'!$I:$I,N41,'3월'!$T:$T,"??Z*")+SUMIFS('3월'!$L:$L,'3월'!$F:$F,"C0000142",'3월'!$I:$I,N41) -> 0 | Q41: =IFERROR((P41/O41)-1,"") | R41: =P41+P42 -> 0 | S41: =IFERROR(DATE($B$7,S$7,$B41),"") -> 46128 | T41: =SUMIFS('4월'!$N:$N,'4월'!$F:$F,"C0000004",'4월'!$I:$I,S41)+SUMIFS('4월'!$N:$N,'4월'!$F:$F,"C0000140",'4월'!$I:$I,S41,'4월'!$T:$T,"??C*")+SUMIFS('4월'!$N:$N,'4월'!$F:$F,"C0000140",'4월'!$I:$I,S41,'4월'!$T:$T,"??M*")+SUMIFS('4월'!$N:$N,'4월'!$F:$F,"C0000140",'4월'!$I:$I,S41,'4월'!$T:$T,"??Z*")+SUMIFS('4월'!$N:$N,'4월'!$F:$F,"C0000142",'4월'!$I:$I,S41) -> 0 | U41: =SUMIFS('4월'!$L:$L,'4월'!$F:$F,"C0000004",'4월'!$I:$I,S41)+SUMIFS('4월'!$L:$L,'4월'!$F:$F,"C0000140",'4월'!$I:$I,S41,'4월'!$T:$T,"??C*")+SUMIFS('4월'!$L:$L,'4월'!$F:$F,"C0000140",'4월'!$I:$I,S41,'4월'!$T:$T,"??M*")+SUMIFS('4월'!$L:$L,'4월'!$F:$F,"C0000140",'4월'!$I:$I,S41,'4월'!$T:$T,"??Z*")+SUMIFS('4월'!$L:$L,'4월'!$F:$F,"C0000142",'4월'!$I:$I,S41) -> 0 | V41: =IFERROR((U41/T41)-1,"") | W41: =U41+U42 -> 0 | X41: =IFERROR(DATE($B$7,X$7,$B41),"") -> 46158 | Y41: =SUMIFS('5월'!$N:$N,'5월'!$F:$F,"C0000004",'5월'!$I:$I,X41)+SUMIFS('5월'!$N:$N,'5월'!$F:$F,"C0000140",'5월'!$I:$I,X41,'5월'!$T:$T,"??C*")+SUMIFS('5월'!$N:$N,'5월'!$F:$F,"C0000140",'5월'!$I:$I,X41,'5월'!$T:$T,"??M*")+SUMIFS('5월'!$N:$N,'5월'!$F:$F,"C0000140",'5월'!$I:$I,X41,'5월'!$T:$T,"??Z*")+SUMIFS('5월'!$N:$N,'5월'!$F:$F,"C0000142",'5월'!$I:$I,X41) -> 0 | Z41: =SUMIFS('5월'!$L:$L,'5월'!$F:$F,"C0000004",'5월'!$I:$I,X41)+SUMIFS('5월'!$L:$L,'5월'!$F:$F,"C0000140",'5월'!$I:$I,X41,'5월'!$T:$T,"??C*")+SUMIFS('5월'!$L:$L,'5월'!$F:$F,"C0000140",'5월'!$I:$I,X41,'5월'!$T:$T,"??M*")+SUMIFS('5월'!$L:$L,'5월'!$F:$F,"C0000140",'5월'!$I:$I,X41,'5월'!$T:$T,"??Z*")+SUMIFS('5월'!$L:$L,'5월'!$F:$F,"C0000142",'5월'!$I:$I,X41) -> 0 | AA41: =IFERROR((Z41/Y41)-1,"") | AB41: =Z41+Z42 -> 0 | AC41: =IFERROR(DATE($B$7,AC$7,$B41),"") -> 46189 | AD41: =SUMIFS('6월'!$N:$N,'6월'!$F:$F,"C0000004",'6월'!$I:$I,AC41)+SUMIFS('6월'!$N:$N,'6월'!$F:$F,"C0000140",'6월'!$I:$I,AC41,'6월'!$T:$T,"??C*")+SUMIFS('6월'!$N:$N,'6월'!$F:$F,"C0000140",'6월'!$I:$I,AC41,'6월'!$T:$T,"??M*")+SUMIFS('6월'!$N:$N,'6월'!$F:$F,"C0000140",'6월'!$I:$I,AC41,'6월'!$T:$T,"??Z*")+SUMIFS('6월'!$N:$N,'6월'!$F:$F,"C0000142",'6월'!$I:$I,AC41) -> 0 | AE41: =SUMIFS('6월'!$L:$L,'6월'!$F:$F,"C0000004",'6월'!$I:$I,AC41)+SUMIFS('6월'!$L:$L,'6월'!$F:$F,"C0000140",'6월'!$I:$I,AC41,'6월'!$T:$T,"??C*")+SUMIFS('6월'!$L:$L,'6월'!$F:$F,"C0000140",'6월'!$I:$I,AC41,'6월'!$T:$T,"??M*")+SUMIFS('6월'!$L:$L,'6월'!$F:$F,"C0000140",'6월'!$I:$I,AC41,'6월'!$T:$T,"??Z*")+SUMIFS('6월'!$L:$L,'6월'!$F:$F,"C0000142",'6월'!$I:$I,AC41) -> 0 | AF41: =IFERROR((AE41/AD41)-1,"") | AG41: =AE41+AE42 -> 0 | AH41: =IFERROR(DATE($B$7,AH$7,$B41),"") -> 46219 | AI41: =SUMIFS('7월'!$N:$N,'7월'!$F:$F,"C0000004",'7월'!$I:$I,AH41)+SUMIFS('7월'!$N:$N,'7월'!$F:$F,"C0000140",'7월'!$I:$I,AH41,'7월'!$T:$T,"??C*")+SUMIFS('7월'!$N:$N,'7월'!$F:$F,"C0000140",'7월'!$I:$I,AH41,'7월'!$T:$T,"??M*")+SUMIFS('7월'!$N:$N,'7월'!$F:$F,"C0000140",'7월'!$I:$I,AH41,'7월'!$T:$T,"??Z*")+SUMIFS('7월'!$N:$N,'7월'!$F:$F,"C0000142",'7월'!$I:$I,AH41) -> 0 | AJ41: =SUMIFS('7월'!$L:$L,'7월'!$F:$F,"C0000004",'7월'!$I:$I,AH41)+SUMIFS('7월'!$L:$L,'7월'!$F:$F,"C0000140",'7월'!$I:$I,AH41,'7월'!$T:$T,"??C*")+SUMIFS('7월'!$L:$L,'7월'!$F:$F,"C0000140",'7월'!$I:$I,AH41,'7월'!$T:$T,"??M*")+SUMIFS('7월'!$L:$L,'7월'!$F:$F,"C0000140",'7월'!$I:$I,AH41,'7월'!$T:$T,"??Z*")+SUMIFS('7월'!$L:$L,'7월'!$F:$F,"C0000142",'7월'!$I:$I,AH41) -> 0 | AK41: =IFERROR((AJ41/AI41)-1,"") | AL41: =AJ41+AJ42 -> 0 | AM41: =IFERROR(DATE($B$7,AM$7,$B41),"") -> 46250 | AN41: =SUMIFS('8월'!$N:$N,'8월'!$F:$F,"C0000004",'8월'!$I:$I,AM41)+SUMIFS('8월'!$N:$N,'8월'!$F:$F,"C0000140",'8월'!$I:$I,AM41,'8월'!$T:$T,"??C*")+SUMIFS('8월'!$N:$N,'8월'!$F:$F,"C0000140",'8월'!$I:$I,AM41,'8월'!$T:$T,"??M*")+SUMIFS('8월'!$N:$N,'8월'!$F:$F,"C0000140",'8월'!$I:$I,AM41,'8월'!$T:$T,"??Z*")+SUMIFS('8월'!$N:$N,'8월'!$F:$F,"C0000142",'8월'!$I:$I,AM41) -> 0 | AO41: =SUMIFS('8월'!$L:$L,'8월'!$F:$F,"C0000004",'8월'!$I:$I,AM41)+SUMIFS('8월'!$L:$L,'8월'!$F:$F,"C0000140",'8월'!$I:$I,AM41,'8월'!$T:$T,"??C*")+SUMIFS('8월'!$L:$L,'8월'!$F:$F,"C0000140",'8월'!$I:$I,AM41,'8월'!$T:$T,"??M*")+SUMIFS('8월'!$L:$L,'8월'!$F:$F,"C0000140",'8월'!$I:$I,AM41,'8월'!$T:$T,"??Z*")+SUMIFS('8월'!$L:$L,'8월'!$F:$F,"C0000142",'8월'!$I:$I,AM41) -> 0 | AP41: =IFERROR((AO41/AN41)-1,"") | AQ41: =AO41+AO42 -> 0 | AR41: =IFERROR(DATE($B$7,AR$7,$B41),"") -> 46281 | AS41: =SUMIFS('9월'!$N:$N,'9월'!$F:$F,"C0000004",'9월'!$I:$I,AR41)+SUMIFS('9월'!$N:$N,'9월'!$F:$F,"C0000140",'9월'!$I:$I,AR41,'9월'!$T:$T,"??C*")+SUMIFS('9월'!$N:$N,'9월'!$F:$F,"C0000140",'9월'!$I:$I,AR41,'9월'!$T:$T,"??M*")+SUMIFS('9월'!$N:$N,'9월'!$F:$F,"C0000140",'9월'!$I:$I,AR41,'9월'!$T:$T,"??Z*")+SUMIFS('9월'!$N:$N,'9월'!$F:$F,"C0000142",'9월'!$I:$I,AR41) -> 94071.206 | AT41: =SUMIFS('9월'!$L:$L,'9월'!$F:$F,"C0000004",'9월'!$I:$I,AR41)+SUMIFS('9월'!$L:$L,'9월'!$F:$F,"C0000140",'9월'!$I:$I,AR41,'9월'!$T:$T,"??C*")+SUMIFS('9월'!$L:$L,'9월'!$F:$F,"C0000140",'9월'!$I:$I,AR41,'9월'!$T:$T,"??M*")+SUMIFS('9월'!$L:$L,'9월'!$F:$F,"C0000140",'9월'!$I:$I,AR41,'9월'!$T:$T,"??Z*")+SUMIFS('9월'!$L:$L,'9월'!$F:$F,"C0000142",'9월'!$I:$I,AR41) -> 138200 | AU41: =IFERROR((AT41/AS41)-1,"") -> 0.46909991 | AV41: =AT41+AT42 -> 138200 | AW41: =IFERROR(DATE($B$7,AW$7,$B41),"") -> 46311 | AX41: =SUMIFS('10월'!$N:$N,'10월'!$F:$F,"C0000004",'10월'!$I:$I,AW41)+SUMIFS('10월'!$N:$N,'10월'!$F:$F,"C0000140",'10월'!$I:$I,AW41,'10월'!$T:$T,"??C*")+SUMIFS('10월'!$N:$N,'10월'!$F:$F,"C0000140",'10월'!$I:$I,AW41,'10월'!$T:$T,"??M*")+SUMIFS('10월'!$N:$N,'10월'!$F:$F,"C0000140",'10월'!$I:$I,AW41,'10월'!$T:$T,"??Z*")+SUMIFS('10월'!$N:$N,'10월'!$F:$F,"C0000142",'10월'!$I:$I,AW41) -> 0 | AY41: =SUMIFS('10월'!$L:$L,'10월'!$F:$F,"C0000004",'10월'!$I:$I,AW41)+SUMIFS('10월'!$L:$L,'10월'!$F:$F,"C0000140",'10월'!$I:$I,AW41,'10월'!$T:$T,"??C*")+SUMIFS('10월'!$L:$L,'10월'!$F:$F,"C0000140",'10월'!$I:$I,AW41,'10월'!$T:$T,"??M*")+SUMIFS('10월'!$L:$L,'10월'!$F:$F,"C0000140",'10월'!$I:$I,AW41,'10월'!$T:$T,"??Z*")+SUMIFS('10월'!$L:$L,'10월'!$F:$F,"C0000142",'10월'!$I:$I,AW41) -> 0 | AZ41: =IFERROR((AY41/AX41)-1,"") | BA41: =AY41+AY42 -> 0 | BB41: =IFERROR(DATE($B$7,BB$7,$B41),"") -> 46342 | BC41: =SUMIFS('11월'!$N:$N,'11월'!$F:$F,"C0000004",'11월'!$I:$I,BB41)+SUMIFS('11월'!$N:$N,'11월'!$F:$F,"C0000140",'11월'!$I:$I,BB41,'11월'!$T:$T,"??C*")+SUMIFS('11월'!$N:$N,'11월'!$F:$F,"C0000140",'11월'!$I:$I,BB41,'11월'!$T:$T,"??M*")+SUMIFS('11월'!$N:$N,'11월'!$F:$F,"C0000140",'11월'!$I:$I,BB41,'11월'!$T:$T,"??Z*")+SUMIFS('11월'!$N:$N,'11월'!$F:$F,"C0000142",'11월'!$I:$I,BB41) -> 0 | BD41: =SUMIFS('11월'!$L:$L,'11월'!$F:$F,"C0000004",'11월'!$I:$I,BB41)+SUMIFS('11월'!$L:$L,'11월'!$F:$F,"C0000140",'11월'!$I:$I,BB41,'11월'!$T:$T,"??C*")+SUMIFS('11월'!$L:$L,'11월'!$F:$F,"C0000140",'11월'!$I:$I,BB41,'11월'!$T:$T,"??M*")+SUMIFS('11월'!$L:$L,'11월'!$F:$F,"C0000140",'11월'!$I:$I,BB41,'11월'!$T:$T,"??Z*")+SUMIFS('11월'!$L:$L,'11월'!$F:$F,"C0000142",'11월'!$I:$I,BB41) -> 0 | BE41: =IFERROR((BD41/BC41)-1,"") | BF41: =BD41+BD42 -> 0 | BG41: =IFERROR(DATE($B$7,BG$7,$B41),"") -> 46372 | BH41: =SUMIFS('12월'!$N:$N,'12월'!$F:$F,"C0000004",'12월'!$I:$I,BG41)+SUMIFS('12월'!$N:$N,'12월'!$F:$F,"C0000140",'12월'!$I:$I,BG41,'12월'!$T:$T,"??C*")+SUMIFS('12월'!$N:$N,'12월'!$F:$F,"C0000140",'12월'!$I:$I,BG41,'12월'!$T:$T,"??M*")+SUMIFS('12월'!$N:$N,'12월'!$F:$F,"C0000140",'12월'!$I:$I,BG41,'12월'!$T:$T,"??Z*")+SUMIFS('12월'!$N:$N,'12월'!$F:$F,"C0000142",'12월'!$I:$I,BG41) -> 0 | BI41: =SUMIFS('12월'!$L:$L,'12월'!$F:$F,"C0000004",'12월'!$I:$I,BG41)+SUMIFS('12월'!$L:$L,'12월'!$F:$F,"C0000140",'12월'!$I:$I,BG41,'12월'!$T:$T,"??C*")+SUMIFS('12월'!$L:$L,'12월'!$F:$F,"C0000140",'12월'!$I:$I,BG41,'12월'!$T:$T,"??M*")+SUMIFS('12월'!$L:$L,'12월'!$F:$F,"C0000140",'12월'!$I:$I,BG41,'12월'!$T:$T,"??Z*")+SUMIFS('12월'!$L:$L,'12월'!$F:$F,"C0000142",'12월'!$I:$I,BG41) -> 0 | BJ41: =IFERROR((BI41/BH41)-1,"") | BK41: =BI41+BI42 -> 0
C42: L | E42: =SUMIFS('1월'!$N:$N,'1월'!$F:$F,"*L*",'1월'!$I:$I,D41,'1월'!$S:$S,"윤준희") -> 0 | F42: =SUMIFS('1월'!$L:$L,'1월'!$F:$F,"*L*",'1월'!$I:$I,D41,'1월'!$S:$S,"윤준희") -> 0 | G42: =IFERROR((F42/E42)-1,"") | J42: =SUMIFS('2월'!$N:$N,'2월'!$F:$F,"*L*",'2월'!$I:$I,I41,'2월'!$S:$S,"윤준희") -> 0 | K42: =SUMIFS('2월'!$L:$L,'2월'!$F:$F,"*L*",'2월'!$I:$I,I41,'2월'!$S:$S,"윤준희") -> 0 | L42: =IFERROR((K42/J42)-1,"") | O42: =SUMIFS('3월'!$N:$N,'3월'!$F:$F,"*L*",'3월'!$I:$I,N41,'3월'!$S:$S,"윤준희") -> 0 | P42: =SUMIFS('3월'!$L:$L,'3월'!$F:$F,"*L*",'3월'!$I:$I,N41,'3월'!$S:$S,"윤준희") -> 0 | Q42: =IFERROR((P42/O42)-1,"") | T42: =SUMIFS('4월'!$N:$N,'4월'!$F:$F,"*L*",'4월'!$I:$I,S41,'4월'!$S:$S,"윤준희") -> 0 | U42: =SUMIFS('4월'!$L:$L,'4월'!$F:$F,"*L*",'4월'!$I:$I,S41,'4월'!$S:$S,"윤준희") -> 0 | V42: =IFERROR((U42/T42)-1,"") | Y42: =SUMIFS('5월'!$N:$N,'5월'!$F:$F,"*L*",'5월'!$I:$I,X41,'5월'!$S:$S,"윤준희") -> 0 | Z42: =SUMIFS('5월'!$L:$L,'5월'!$F:$F,"*L*",'5월'!$I:$I,X41,'5월'!$S:$S,"윤준희") -> 0 | AA42: =IFERROR((Z42/Y42)-1,"") | AD42: =SUMIFS('6월'!$N:$N,'6월'!$F:$F,"*L*",'6월'!$I:$I,AC41,'6월'!$S:$S,"윤준희") -> 0 | AE42: =SUMIFS('6월'!$L:$L,'6월'!$F:$F,"*L*",'6월'!$I:$I,AC41,'6월'!$S:$S,"윤준희")+SUMIFS('6월'!$L:$L,'6월'!$F:$F,"*L*",'6월'!$I:$I,AC41,'6월'!$S:$S,"윤준희") -> 0 | AF42: =IFERROR((AE42/AD42)-1,"") | AI42: =SUMIFS('7월'!$N:$N,'7월'!$F:$F,"*L*",'7월'!$I:$I,AH41,'7월'!$S:$S,"윤준희") -> 0 | AJ42: =SUMIFS('7월'!$L:$L,'7월'!$F:$F,"*L*",'7월'!$I:$I,AH41,'7월'!$S:$S,"윤준희") -> 0 | AK42: =IFERROR((AJ42/AI42)-1,"") | AN42: =SUMIFS('8월'!$N:$N,'8월'!$F:$F,"*L*",'8월'!$I:$I,AM41,'8월'!$S:$S,"윤준희") -> 0 | AO42: =SUMIFS('8월'!$L:$L,'8월'!$F:$F,"*L*",'8월'!$I:$I,AM41,'8월'!$S:$S,"윤준희") -> 0 | AP42: =IFERROR((AO42/AN42)-1,"") | AS42: =SUMIFS('9월'!$N:$N,'9월'!$F:$F,"*L*",'9월'!$I:$I,AR41,'9월'!$S:$S,"윤준희") -> 0 | AT42: =SUMIFS('9월'!$L:$L,'9월'!$F:$F,"*L*",'9월'!$I:$I,AR41,'9월'!$S:$S,"윤준희") -> 0 | AU42: =IFERROR((AT42/AS42)-1,"") | AX42: =SUMIFS('10월'!$N:$N,'10월'!$F:$F,"*L*",'10월'!$I:$I,AW41,'10월'!$S:$S,"윤준희") -> 0 | AY42: =SUMIFS('10월'!$L:$L,'10월'!$F:$F,"*L*",'10월'!$I:$I,AW41,'10월'!$S:$S,"윤준희") -> 0 | AZ42: =IFERROR((AY42/AX42)-1,"") | BC42: =SUMIFS('11월'!$N:$N,'11월'!$F:$F,"*L*",'11월'!$I:$I,BB41,'11월'!$S:$S,"윤준희") -> 0 | BD42: =SUMIFS('11월'!$L:$L,'11월'!$F:$F,"*L*",'11월'!$I:$I,BB41,'11월'!$S:$S,"윤준희") -> 0 | BE42: =IFERROR((BD42/BC42)-1,"") | BH42: =SUMIFS('12월'!$N:$N,'12월'!$F:$F,"*L*",'12월'!$I:$I,BG41,'12월'!$S:$S,"윤준희") -> 0 | BI42: =SUMIFS('12월'!$L:$L,'12월'!$F:$F,"*L*",'12월'!$I:$I,BG41,'12월'!$S:$S,"윤준희") -> 0 | BJ42: =IFERROR((BI42/BH42)-1,"")
